Marca,Modelo,Año,Versión,Color,Tipo de combustible,Puertas,Transmisión,Motor,Tipo de carrocería,Fecha publicación,Kilómetros,Precio
Jeep,Compass,2024,1.3 T270 Serie-s 4x2 At6,Blanco,Nafta,5,Automática,1.3,SUV,Publicado hace 1 día,3.700 km,40900
Jeep,Compass,2020,2.4 Sport,Verde,Nafta,5,Manual,2.4,SUV,Publicado hace 2 días,69.700 km,26900000
Jeep,Compass,2023,1.3 Serie At6 Nd,Gris,Nafta,5,Automática,1.3,SUV,Publicado hace 3 días,31.000 km,46000000
Jeep,Compass,2021,2.0 Td At9 4x4 Limited Plus,Negro,Diésel,5,Automática,2.0,SUV,Publicado hace 4 días,42.942 km,39900
Jeep,Compass,2018,2.4 Longitude,Azul,Nafta,5,Automática,2.4,SUV,Publicado hace 11 días,79.000 km,15792000
Jeep,Compass,2018,2.4 Longitude,Azul,Nafta,5,Automática,2.4,SUV,Publicado hace 11 días,79.000 km,29989900
Jeep,Compass,2020,2.4 Limited Plus,Plateado,Nafta,5,Automática,2.4,SUV,Publicado hace 12 días,37.799 km,38900
Jeep,Compass,2019,2.4 Sport At,Negro,Nafta,5,Automática,2.4,SUV,Publicado hace 13 días,170.000 km,20500
Jeep,Compass,2018,2.4 Longitude Plus 4x4,Plateado,Nafta,5,Automática,2.4,SUV,Publicado hace 15 días,56.000 km,31000000
Jeep,Compass,2019,2.4 Longitude Plus 4x4,Blanco,Nafta,5,Automática,2.4,SUV,Publicado hace 21 días,96.300 km,32500000
Jeep,Compass,2020,2.4 Limited Plus,Negro,Nafta,5,Automática,2.4,SUV,Publicado hace 23 días,79.000 km,30000
Jeep,Compass,2023,Sport 1.3t270,Blanco,Nafta,5,Automática,1.3,SUV,Publicado hace 32 días,41.000 km,37900000
Jeep,Compass,2018,2.4 Limited Plus,Negro,Nafta,5,Automática,2.4,SUV,Publicado hace 3 meses,70.000 km,29000
Jeep,Compass,2021,2.4 Longitude Smart Garage,Negro,Nafta,5,Manual,2.4,SUV,Publicado hace 3 meses,55.000 km,28500
Jeep,Compass,2024,1.3 T270 Limited,Blanco,Nafta,5,Automática,1.3,SUV,Publicado hace 4 meses,4.600 km,43000000
Jeep,Compass,2021,2.4 Sport At,Gris,Nafta,5,Automática,2.4,SUV,Publicado hace 3 días,54.420 km,30000000
Jeep,Compass,2019,2.4 Longitude Plus 4x4-uslraiti,Blanco,Nafta,5,Automática,2.4,SUV,Publicado hace 11 días,96.308 km,32500000
Jeep,Compass,2019,2.4 Limited 170cv Atx,Gris,Nafta,5,Automática,2.4,SUV,Publicado hace 12 días,93.500 km,31065
Jeep,Compass,2021,2.4 Limited Plus,Blanco,Nafta,5,Automática,2.4,SUV,Publicado hace 20 días,33.500 km,31500
Jeep,Compass,2021,2.4 Limited 170cv Atx - Liv Motors,Gris,Nafta,5,Automática,2.4,SUV,Publicado hace 21 días,49.000 km,35500
Jeep,Compass,2018,2.4 Longitude Plus 4x4,Plateado,Nafta,5,Automática,2.4,SUV,Publicado hace 2 meses,55.000 km,34500
Jeep,Compass,2021,2.4 Longitude Plus // Forcammo,Negro,Nafta,5,Automática,2.4,SUV,Publicado hace 4 meses,70.000 km,35000000
Jeep,Compass,2024,1.3 T270 Serie-s 4x2 At6,Gris,Nafta,5,Automática,1.3,SUV,Publicado hace 3 días,3.000 km,44900000
Jeep,Compass,2019,2.4 Longitude,Blanco,Nafta,5,Automática,2.4,SUV,Publicado hace 3 días,47.000 km,28900000
Jeep,Compass,2022,1.3 T270 Sport,Negro,Nafta,5,Automática,1.3,SUV,Publicado hace 2 meses,79.300 km,26700
Jeep,Compass,2013,2.4 Limited 170cv Atx,Gris,Nafta,5,Automática,2.4,SUV,Publicado hace 1 día,114.000 km,13900
Jeep,Compass,2021,2.4 Sport At,Blanco,Nafta,5,Automática,2.4,SUV,Publicado hace 6 días,34.000 km,27900
Jeep,Compass,2017,2.4 Longitude Plus 4x4,Blanco,Nafta,5,Automática,2.4,SUV,Publicado hace 7 días,78.000 km,25900
Jeep,Compass,2019,2.4 Sport At,Negro,Nafta,5,Automática,2.4,SUV,Publicado hace 33 días,63.000 km,29500000
Jeep,Compass,2021,2.4 Longitude Plus,Blanco,Nafta,5,Automática,2.4,SUV,Publicado hace 5 meses,77.000 km,34500000
Jeep,Compass,2021,2.4 Longitude Plus,Azul,Nafta,5,Automática,2.4,SUV,Publicado hace 6 meses,77.000 km,34500000
Jeep,Compass,2021,2.4 Longitude Plus,Blanco,Nafta,5,Automática,2.4,SUV,Publicado hace 9 meses,35.000 km,36900000
Jeep,Compass,2023,2.4 Longitude Plus,Negro,Nafta,5,Automática,2.4,SUV,Publicado hace 7 días,39.500 km,39900000
Jeep,Compass,2021,Longitude 2.4 At Rb3 Blindaje Maximo Blindada,Azul,Nafta,5,Automática,2.4L,SUV,Publicado hace 2 meses,47.000 km,45000
Jeep,Compass,2024,1.3 T270 Serie-s 4x2 At6,Plateado,Nafta,5,Automática,1.3,SUV,Publicado hace 3 días,3.500 km,44888000
Jeep,Compass,2023,1.3 Serie At6,Blanco,Nafta,5,Automática,1.3,SUV,Publicado hace 3 días,5.000 km,44890000
Jeep,Compass,2023,1.3 T270 Longitude,Blanco,Nafta,5,Automática,1.3,SUV,Publicado hace 6 días,73.992 km,34990000
Jeep,Compass,2019,2.4 Limited 170cv Atx Carwestcaba,Blanco,Nafta,5,Automática,2.4,SUV,Publicado hace 7 días,112.400 km,33500000
Jeep,Compass,2023,1.3 T270 Sport Banchik Usados,Gris,Nafta,5,Automática,1.3,SUV,Publicado hace 8 días,46.000 km,36500000
Jeep,Compass,2013,2.4 Sport 170cv Atx,Negro,Nafta,5,Automática,2.4,SUV,Publicado hace 28 días,146.000 km,14700
Jeep,Compass,2022,1.3 T270 Longitude 2022,Gris,Nafta,5,Automática,1.3,SUV,Publicado hace 34 días,21.000 km,35000
Jeep,Compass,2020,2.4 Longitude Plus,Gris,Nafta,5,Automática,2.4,SUV,Publicado hace 2 meses,76.000 km,33900000
Jeep,Compass,2020,Limited Plus 4x4 2020 Con 42.000kms,Gris,Nafta,5,Automática,2.4,SUV,Publicado hace 1 año,45.000 km,33000
Jeep,Compass,2023,1.3 T270 Longitude,Verde,Nafta,5,Automática,1.3,SUV,Publicado hace 7 días,39.500 km,39900000
Jeep,Compass,2023,1.3 T270 Longitude,Verde,Nafta,5,Automática,1.3,SUV,Publicado hace 7 días,39.500 km,39900000
Jeep,Compass,2019,2.4 Longitude Plus 4x4 Gr Us,Blanco,Nafta,5,Automática,2.4,SUV,Publicado hace 11 días,96.308 km,32500000
Jeep,Compass,2019,2.4 Sport 4x2 At6 2019 - Rpm Moviles,Negro,Nafta,5,Automática,2.4,Hatchback,Publicado hace 12 días,65.000 km,24600
Jeep,Compass,2024,1.3 T270 Serie-s 4x2 At6,Blanco,Nafta,5,Automática,1.3,SUV,Publicado hace 3 meses,1.326 km,42132000
Jeep,Compass,2018,2.4 Limited Plus,Gris,Nafta,5,Automática,2.4,SUV,Publicado hace 3 meses,85.000 km,26500
Jeep,Compass,2021,Longitude 2.4 At Rb3 Blindaje Maximo Blindada,Azul,Nafta,5,Manual,2.4,SUV,Publicado hace 4 meses,47.000 km,45000
Jeep,Compass,2020,2.4 Longitude,Azul,Nafta,5,Manual,2.4,SUV,Publicado hace 13 días,21.800 km,31900000
Jeep,Compass,2023,1.3 T270 Sport,Blanco,Nafta,5,Automática,1.3,SUV,Publicado hace 15 días,31.000 km,37990000
Jeep,Compass,2018,2.4 Longitude Plus 4x4,Gris,Nafta,5,Automática,2.4,SUV,Publicado hace 34 días,73.000 km,25900
Jeep,Compass,2022,1.3 T270 Sport,Negro,Nafta,5,Automática,1.3,SUV,Publicado hace 56 días,20.000 km,32500
Jeep,Compass,2020,2.4 Sport 2020,Gris,Nafta,5,Manual,2.4,SUV,Publicado hace 8 días,86.000 km,28000
Jeep,Compass,2024,1.3 T270 Limited 4x2 At6,Negro,Nafta,5,Automática,1.3,SUV,Publicado hace 12 días,1.500 km,45197000
Jeep,Compass,2018,2.4 Longitude Plus 4x4,Gris,Nafta,5,Automática,2.4,SUV,Publicado hace 13 días,71.600 km,29990000
Jeep,Longitude,2020,2.4 At6 2020,Gris,Nafta,5,Manual,2.4,SUV,Publicado hace 7 meses,102.000 km,29500000
Jeep,Compass,2023,Serie-s T270 At6 Fwd Ap,Gris,Nafta,5,Automática,1.3,SUV,Publicado hace 1 día,34.000 km,46000000
Jeep,Compass,2023,1.3 T270 Limited,Plateado,Nafta,5,Automática,1.3,SUV,Publicado hace 3 días,6.000 km,44890000
Jeep,Compass,2024,1.3 T270 Sport 4x2 At6,Negro,Nafta,5,Automática,1.3,SUV,Publicado hace 3 días,1.900 km,38299000
Jeep,Compass,2019,2.4 Longitude At6 4x2 L18,Negro,Nafta,5,Automática,INYECCION MULTI PUNTO,SUV,Publicado hace 4 días,104.300 km,35000000
Jeep,Compass,2020,2.0 Td Limited Plus At9 L21,Negro,Diésel,5,Automática,TURBO DIESEL INYECCION,SUV,Publicado hace 6 días,109.800 km,41900000
Jeep,Compass,2018,2.4 Longitude,Negro,Nafta,5,Automática,2.4,SUV,Publicado hace 12 días,96.000 km,29990000
Jeep,Compass,2024,1.3 T270 Sport 4x2 At6,Negro,Nafta,5,Automática,1.3,SUV,Publicado hace 20 días,2.500 km,38290000
Jeep,Compass,2019,2.4 Longitude Plus 4x4 - Brian Avalos,Blanco,Nafta,5,Automática,2.4,SUV,Publicado hace 21 días,96.000 km,32500000
Jeep,Compass,2020,2.4 Sport,Negro,Nafta,5,Manual,2.4,SUV,Publicado hace 3 meses,116.000 km,27500000
Jeep,Compass,2018,2.4 Longitude,Blanco,Nafta,5,Automática,2.4,SUV,Publicado hace 1 día,93.000 km,23000000
Jeep,Compass,2024,1.3 T270 Sport 4x2 At6,Plateado,Nafta,5,Automática,1.3,SUV,Publicado hace 3 días,2.500 km,38299000
Jeep,Compass,2024,1.3 T270 Serie-s 4x2 At6,Blanco,Nafta,5,Automática,1.3,SUV,Publicado hace 8 días,1.000 km,44990000
Jeep,Compass,2019,2.4 Longitude Plus 4x4 Semini,Blanco,Nafta,5,Automática,2.4,SUV,Publicado hace 11 días,96.308 km,32500000
Jeep,Jeep,2019,Compass 2.4 Longitude,Negro,Nafta,5,Automática,2.4,SUV,Publicado hace 13 días,124.870 km,31000000
Jeep,Compass,2019,2.4 Sport At,Negro,Nafta,5,Automática,2.4,SUV,Publicado hace 14 días,97.940 km,30300000
Jeep,Compass,2019,2.4 Sport,Rojo,Nafta,5,Manual,2.4,SUV,Publicado hace 35 días,142.446 km,26500000
Jeep,Compass,2017,2.4 Limited 170cv Atx,Gris,Nafta,5,Automática,2.4,SUV,Publicado hace 41 días,88.000 km,25000
Jeep,Compass,2023,1.3 T270 Limited Unico Dueño Es,Beige,Nafta,5,Automática,1.3,SUV,Publicado hace 1 día,34.000 km,46000000
Jeep,Compass,2022,Sport T270 1.3 Gr Us,Gris,Nafta,5,Automática,1.3,SUV,Publicado hace 29 días,65.000 km,36000000
Jeep,Compass,2018,2.4 Longitude Plus 4x4,Negro,Nafta,5,Automática,2.4,SUV,Publicado hace 10 días,79.000 km,24900
Jeep,Compass,2019,2.4 Longitude,Gris,Nafta,5,Automática,2.4,SUV,Publicado hace 28 días,69.000 km,28900
Jeep,Compass,2020,2.4 Sport At,Blanco,Nafta,5,Automática,2.4,SUV,Publicado hace 29 días,108.000 km,22700
Jeep,Compass,2018,2.4 Limited,Gris,Nafta,5,Automática,2.4,SUV,Publicado hace 1 mes,93.000 km,32000000
Jeep,Compass,2019,2.4 Limited 170cv Atx,Negro,Nafta,5,Automática,2.4,SUV,Publicado hace 47 días,66.000 km,32900
Jeep,Compass,2017,2.4 Limited 170cv Atx,Gris,Nafta,5,Automática,2.4,SUV,Publicado hace 10 días,55.000 km,28100
Jeep,Compass,2014,2.4 Sport 170cv Atx,Blanco,Nafta,5,Automática,2.4,SUV,Publicado hace 14 días,140.000 km,15900
Jeep,Compass,2024,1.3 T270 Sport 4x2 At6,Gris,Nafta,5,Automática,1.3,SUV,Publicado hace 25 días,11.000 km,38000000
Jeep,Compass,2024,2.0 Td At9 4x4 Trailhawk,Negro,Diésel,5,Automática,2.0,SUV,Publicado hace 55 días,19.000 km,48800
Jeep,Compass,2022,1.3 T270 Longitude Plus At6,Gris,Nafta,5,Automática,1.3,SUV,Publicado hace 2 meses,61.000 km,30900
Jeep,Compass,2019,2.4 At9 Awd 4x4,No disponible,Nafta,5,Automática,2.4,SUV,Publicado hace 6 meses,92.500 km,26700
Jeep,Compass,2020,2.4 Longitude At,Blanco,Nafta,5,Manual,2.4,SUV,Publicado hace 46 días,35.000 km,29500
Jeep,Compass,2021,2.4 Sport At,Blanco,Nafta,5,Automática,2.4,SUV,Publicado hace 11 días,60.000 km,24000
Jeep,Compass,2018,2.4 Longitude Plus 4x4,Blanco,Nafta,5,Automática,2.4,SUV,Publicado hace 14 días,100.000 km,24000
Jeep,Compass,2019,2.4 Longitude,Azul,Nafta,5,Automática,2.4,SUV,Publicado hace 18 días,46.000 km,26500
Jeep,Compass,2019,2.4 Longitude Plus 4x4,Negro,Nafta,5,Automática,2.4,SUV,Publicado hace 50 días,55.000 km,28500
Jeep,Compass,2019,2.4 Sport At,Blanco,Nafta,5,Automática,2.4,SUV,Publicado hace 10 días,58.000 km,25000
Jeep,Compass,2022,1.3 T270 Limited,Blanco,Nafta,5,Automática,1.3,SUV,Publicado hace 21 días,38.000 km,37000
Jeep,Compass,2021,2.4 Sport Automática,Gris,Nafta,5,Automática,2.4,SUV,Publicado hace 4 meses,54.613 km,34500000
Jeep,Compass,2024,1.3 T270 Limited 4x2 At6,Negro,Nafta,5,Automática,1.3,SUV,Publicado hace 4 días,35.000 km,42900000
Jeep,Compass,2017,2.4 Limited 170cv Atx,Gris,Nafta,5,Automática,2.4,SUV,Publicado hace 10 días,55.000 km,28100
Jeep,Compass,2014,2.4 Sport 170cv Atx,Blanco,Nafta,5,Automática,2.4,SUV,Publicado hace 14 días,140.000 km,15900
Jeep,Compass,2024,1.3 T270 Sport 4x2 At6,Gris,Nafta,5,Automática,1.3,SUV,Publicado hace 25 días,11.000 km,38000000
Jeep,Compass,2024,2.0 Td At9 4x4 Trailhawk,Negro,Diésel,5,Automática,2.0,SUV,Publicado hace 55 días,19.000 km,48800
Jeep,Compass,2022,1.3 T270 Longitude Plus At6,Gris,Nafta,5,Automática,1.3,SUV,Publicado hace 2 meses,61.000 km,30900
Jeep,Compass,2019,2.4 At9 Awd 4x4,No disponible,Nafta,5,Automática,2.4,SUV,Publicado hace 6 meses,92.500 km,26700
Jeep,Compass,2020,2.4 Longitude At,Blanco,Nafta,5,Manual,2.4,SUV,Publicado hace 46 días,35.000 km,29500
Jeep,Compass,2021,2.4 Sport At,Blanco,Nafta,5,Automática,2.4,SUV,Publicado hace 11 días,60.000 km,24000
Jeep,Compass,2018,2.4 Longitude Plus 4x4,Blanco,Nafta,5,Automática,2.4,SUV,Publicado hace 14 días,100.000 km,24000
Jeep,Compass,2019,2.4 Longitude,Azul,Nafta,5,Automática,2.4,SUV,Publicado hace 18 días,46.000 km,26500
Jeep,Compass,2019,2.4 Longitude Plus 4x4,Negro,Nafta,5,Automática,2.4,SUV,Publicado hace 50 días,55.000 km,28500
Jeep,Compass,2019,2.4 Sport At,Blanco,Nafta,5,Automática,2.4,SUV,Publicado hace 10 días,58.000 km,25000
Jeep,Compass,2022,1.3 T270 Limited,Blanco,Nafta,5,Automática,1.3,SUV,Publicado hace 21 días,38.000 km,37000
Jeep,Compass,2021,2.4 Longitude Plus,Negro,Nafta,5,Automática,2.4,SUV,Publicado hace 55 días,38.000 km,33500000
Jeep,Compass,2018,2.4 Sport,Gris,Nafta,5,Manual,2.4,SUV,Publicado hace 2 meses,149.500 km,21999
Jeep,Compass,2021,2.4 Sport Automática,Gris,Nafta,5,Automática,2.4,SUV,Publicado hace 4 meses,54.613 km,34500000
Jeep,Compass,2024,1.3 T270 Limited 4x2 At6,Negro,Nafta,5,Automática,1.3,SUV,Publicado hace 4 días,35.000 km,42900000
Jeep,Compass,2013,2.4 Limited 170cv Atx,Azul,Nafta,5,Automática,2.4,SUV,Publicado hace 1 día,144.000 km,13500
Jeep,Compass,2018,2.4 Sport,Blanco,Nafta,5,Manual,2.4,SUV,Publicado hace 6 días,71.000 km,25000000
Jeep,Compass,2019,Limited At9 4 X 4,Gris,Nafta,5,Automática,2.4,SUV,Publicado hace 26 días,79.000 km,28300
Jeep,Compass,2019,2.4 Limited 170cv Atx,Blanco,Nafta,5,Automática,2.4,SUV,Publicado hace 39 días,135.000 km,32000
Jeep,Compass,2019,2.4 Longitude,Gris,Nafta,5,Automática,2.4,SUV,Publicado hace 6 días,88.000 km,24900
Jeep,Compass,2020,2.4 Limited Plus,Negro,Nafta,5,Automática,2.4,SUV,Publicado hace 27 días,60.000 km,32500
Jeep,Compass,2021,2.4 Longitude Plus,Blanco,Nafta,5,Automática,2.4,SUV,Publicado hace 37 días,54.000 km,27500
Jeep,Compass,2019,2.4 Sport,Blanco,Nafta,5,Manual,2.4,SUV,Publicado hace 3 días,150.000 km,23500000
Jeep,Compass,2022,1.3 T270 Longitude,Negro,Nafta,5,Automática,1.3,SUV,Publicado hace 9 días,22.000 km,34000
Jeep,Compass,2019,2.4 Sport,Blanco,Nafta,5,Manual,2.4,SUV,Publicado hace 14 días,86.000 km,23000
Jeep,Compass,2018,2.4 Longitude Plus 4x4 /// 2018 - 108.000km,Gris,Nafta,5,Automática,2.4,SUV,Publicado hace 25 días,108.000 km,25500
Jeep,Compass,2018,2.4 Limited,Blanco,Nafta,5,Automática,2.4,SUV,Publicado hace 33 días,151.000 km,28000000
Jeep,Compass,2019,2.4 Sport At,Blanco,Nafta,5,Automática,2.4,SUV,Publicado hace 48 días,62.000 km,24000
Jeep,Compass,2020,2.4 Sport At,Beige,Nafta,5,Automática,2.4,SUV,Publicado hace 1 día,68.000 km,25000
Jeep,Compass,2019,2.4 Longitude,Negro,Nafta,5,Automática,2.4,SUV,Publicado hace 13 días,88.000 km,24000
Jeep,Compass,2019,2.4 Longitude Plus 4x4,Plateado,Nafta,5,Automática,2.4,SUV,Publicado hace 56 días,95.000 km,25000
Jeep,Compass,2020,2.4 Sport,Negro,Nafta,5,Manual,2.4,SUV,Publicado hace 58 días,63.000 km,26200000
Jeep,Compass,2020,2.4 Sport 4x2,Blanco,Nafta,5,Manual,2.4,SUV,Publicado hace 1 año,60.900 km,28900000
Jeep,Compass,2018,2.4 Sport,Negro,Nafta,5,Manual,2.4,SUV,Publicado hace 21 días,39.000 km,27500000
Jeep,Compass,2021,2.0 Td At9 4x4 Limited Plus,Negro,Diésel,5,Automática,2.0,SUV,Publicado hace 3 meses,70.000 km,38500
Jeep,Compass,2019,2.4 Longitude Plus 4x4 Dueño Titular.,Gris,Nafta,5,Automática,2.4,SUV,Publicado hace 3 meses,78.000 km,28500
Jeep,Compass,2021,2021 2.4 Sport Manual,Gris,Nafta,5,Manual,2.4,SUV,Publicado hace 8 meses,49.500 km,28500000
Jeep,Compass,2019,2.4 Limited Plus,Negro,Nafta,5,Automática,2.4,SUV,Publicado hace 45 días,60.070 km,35000100
Jeep,Compass,2020,2.4 Longitude,Negro,Nafta,5,Automática,2.4,SUV,Publicado hace 49 días,20.000 km,35000000
Jeep,Compass,2021,2.4 Sport,Negro,Nafta,5,Manual,2.4,SUV,Publicado hace 2 meses,43.000 km,26500
Jeep,Compass,2012,2.4 Limited 170cv Atx,Gris,Nafta,5,Automática,2.4,SUV,Publicado hace 2 meses,142.000 km,13200
Jeep,Compass,2021,2.4 Sport,Gris,Nafta,5,Manual,2.4,SUV,Publicado hace 39 días,60.000 km,31000000
Jeep,Compass,2019,2.4 Longitude,Negro,Nafta,5,Automática,2.4,SUV,Publicado hace 52 días,21.000 km,28000
Jeep,Compass,2017,2.4 Limited Plus,Negro,Nafta,5,Automática,2.4,SUV,Publicado hace 54 días,85.000 km,23500
Jeep,Compass,2022,1.3 T270 Sport,Gris,Nafta,5,Automática,1.3,SUV,Publicado hace 2 meses,55.000 km,36000000
Jeep,Compass,2024,Longitude Plus 2025 0km Lista Para Transferir,Blanco,Nafta,5,Automática,1.3,SUV,Publicado hace 5 meses,1.000 km,45900000
Jeep,Compass,2017,2.4 Longitude Plus 4x4,Blanco,Nafta,5,Automática,2.4,SUV,Publicado hace 5 días,60.000 km,25500
Jeep,Compass,2018,2.4 Limited Plus,Negro,Nafta,5,Automática,2.4,SUV,Publicado hace 18 días,105.000 km,24500
Jeep,Compass,2022,1.3 T270 Longitude,Gris,Nafta,5,Automática,1.3,SUV,Publicado hace 43 días,54.500 km,32500
Jeep,Compass,2018,2.4 Limited Plus,Negro,Nafta,5,Automática,2.4,SUV,Publicado hace 3 meses,56.000 km,28500
Jeep,Compass,2020,Limited Plus 4x4,Blanco,Nafta,5,Automática,2.4,SUV,Publicado hace 3 meses,66.000 km,36500
Jeep,Compass,2018,2.4 Limited Plus,Blanco,Nafta,5,Automática,2.4,SUV,Publicado hace 3 meses,65.000 km,31500
Jeep,Compass,2020,Limited 2.4 At9 Awd,Negro,Nafta,5,Automática,2.4,SUV,Publicado hace 4 meses,48.857 km,29800
Jeep,Compass,2017,2.4 Limited,Blanco,Nafta,5,Automática,2.4,SUV,Publicado hace 15 días,104.500 km,25000
Jeep,Compass,2021,2.4 Sport,Gris,Nafta,5,Manual,2.4,SUV,Publicado hace 17 días,48.000 km,31000000
Jeep,Compass,2019,2.4 Longitude,Gris,Nafta,5,Automática,2.4,SUV,Publicado hace 34 días,73.500 km,30800000
Jeep,Compass,2022,1.3 T270 Limited,Gris,Nafta,5,Automática,1.3,SUV,Publicado hace 12 días,30.000 km,37500
Jeep,Compass,2021,No disponible,Blanco,Diésel,5,Automática,2.0,SUV,Publicado hace 4 meses,68.000 km,36500
Jeep,Compass,2020,2.4 Limited 170cv Atx,Blanco,Nafta,5,Automática,2.4,SUV,Publicado hace 2 meses,65.000 km,34200
Jeep,Compass,2018,2.4 Sport,Verde,Nafta,5,Manual,2.4,SUV,Publicado hace 2 meses,99.800 km,22000
Jeep,Compass,2021,2.4 Sport At,Gris,Nafta,5,Automática,2.4,SUV,Publicado hace 22 días,92.000 km,28000000
Jeep,Compass,2022,1.3 T270 Longitude Plus At6,Blanco,Nafta,5,Automática,1.3,SUV,Publicado hace 1 día,26.930 km,41500000
Jeep,Compass,2024,1.3 T270 Limited 4x2 At6,Negro,Nafta,5,Automática,1.3,SUV,Publicado hace 26 días,5.800 km,44900000
Jeep,Compass,2020,2.4 Limited Plus,Azul,Nafta,5,Automática,2.4,SUV,Publicado hace 2 meses,56.000 km,28500
Jeep,Compass,2020,2.4 Longitude,Plateado,Nafta,5,Manual,2.4,SUV,Publicado hace 2 meses,82.000 km,30000000
Jeep,Compass,2012,Limited 4x4 Automatica,Negro,Nafta,5,Automática,2.4,SUV,Publicado hace 11 meses,144.400 km,15500
Jeep,Compass,2020,2.4 Longitude,Gris,Nafta,5,Automática,2.4,SUV,Publicado hace 2 meses,18.000 km,31300
Jeep,Compass,2023,1.3 T270 Limited,Negro,Nafta,5,Automática,1.3,SUV,Publicado hace 2 días,35.000 km,35320
Jeep,Compass,2020,2.4 Longitude Plus,Negro,Nafta,5,Automática,2.4,SUV,Publicado hace 26 días,74.000 km,33000000
Jeep,Compass,2024,1.3 T270 Sport 4x2 At6,Gris,Nafta,5,Automática,1.3,SUV,Publicado hace 47 días,11.300 km,33000
Jeep,Compass,2017,2.4 Longitude Plus 4x4,Gris,Nafta,5,Automática,2.4,SUV,Publicado hace 32 días,82.000 km,23500
Jeep,Compass,2022,1.3 T270 Sport,Negro,Nafta,5,Automática,1.3,SUV,Publicado hace 44 días,25.500 km,29900
Jeep,Compass,2024,1.3 T270 Limited 4x2 At6,Gris,Nafta,5,Automática,1.3,SUV,Publicado hace 2 meses,6.200 km,37000
Jeep,Compass,2018,2.4 Sport 2018,No disponible,Nafta,5,Manual,2.4,SUV,Publicado hace 3 meses,58.719 km,28820000
Jeep,Compass,2019,2.4 Limited,Gris,Nafta,5,Automática,2.4,SUV,Publicado hace 5 meses,90.000 km,25000
Jeep,Compass,2020,2.4 Sport At,Gris,Nafta,5,Automática,2.4,SUV,Publicado hace 13 días,78.000 km,28700000
Jeep,Compass,2012,2.4 Limited 170cv Atx,Gris,Nafta,5,Automática,2.4,SUV,Publicado hace 6 días,120.000 km,17000000
Jeep,Compass,2018,2.4 Longitude Auto 4wd My18,Plateado,Híbrido,4,Automática,1,SUV,Publicado hace 20 días,100.275 km,24380000
Jeep,Compass,2021,2.4 4x2 Sport L17,Gris,Nafta,5,Manual,INYECCION MULTI PUNTO,SUV,Publicado hace 21 días,85.450 km,30340000
Jeep,Compass,2019,"2.4 Limited Plus 2019 4x4 Unica ,impecable!!",Blanco,Nafta,5,Automática,2.4,SUV,Publicado hace 41 días,67.000 km,27500
Jeep,Compass,2018,2.4 Longitude Plus 4x4,Negro,Nafta,5,Automática,2.4,SUV,Publicado hace 2 meses,89.000 km,28500000
Jeep,Compass,2019,2.4 Sport Automatica Año 2019 Impecable Nueva !,Gris,Nafta,5,Automática,2.4,SUV,Publicado hace 1 año,58.000 km,28910000
Jeep,Compass,2017,2.4 Limited 170cv Atx,Gris,Nafta,5,Automática,2.4,SUV,Publicado hace 40 días,92.000 km,27200
Jeep,Compass,2019,2.4 Limited Plus,Blanco,Nafta,5,Automática,2.4,SUV,Publicado hace 22 días,76.500 km,30000
Jeep,Compass,2021,2.4 Sport 2021,Negro,Nafta,5,Manual,2.4,SUV,Publicado hace 15 días,48.000 km,29800000
Jeep,Compass,2019,2.4 Longitude,Plateado,Nafta,5,Automática,2.4,SUV,Publicado hace 28 días,88.329 km,24500
Jeep,Compass,2014,2.4 Sport At 2014,Blanco,Nafta,5,Automática,2.4,SUV,Publicado hace 47 días,131.000 km,18000000
Jeep,Compass,2020,2.4 Limited,Gris,Nafta,5,Automática,2.4,SUV,Publicado hace 3 meses,51.900 km,34000
Jeep,Compass,2024,S 1.3 T270 Año 2024,Gris,Nafta,5,Automática,1.3,SUV,Publicado hace 5 meses,1.000 km,48000000
Jeep,Sport,2014,2.4l Nic,Blanco,Nafta,5,Automática,2.4,SUV,Publicado hace 7 meses,131.000 km,18000000
Jeep,Compass,2021,2.4 Longitude Plus,Gris,Nafta,5,Automática,2.4,SUV,Publicado hace 6 días,51.900 km,36500000
Jeep,Compass,2020,2.4 Limited 170cv Atx,Azul,Nafta,5,Automática,2.4,SUV,Publicado hace 18 días,60.000 km,31500
Jeep,Compass,2022,1.3 T270 Limited Plus Auto,Plateado,Híbrido,4,Automática,1,SUV,Publicado hace 20 días,23.212 km,39270000
Jeep,Compass,2022,1.3 T270 Limited,Gris,Nafta,5,Automática,1.3,SUV,Publicado hace 50 días,88.285 km,39900000
Jeep,Compass,2019,2.4 Longitude Plus 4x4,Gris,Nafta,5,Automática,2.4,SUV,Publicado hace 54 días,90.000 km,31900000
Jeep,Compass,2020,2.4 Sport,Negro,Nafta,5,Manual,2.4,SUV,Publicado hace 1 día,43.116 km,30600000
Jeep,Compass,2018,2.4 Sport,Negro,Nafta,5,Manual,2.4,SUV,Publicado hace 11 días,105.000 km,24000000
Jeep,Compass,2020,2.4 Sport At Carwestcaba,Plateado,Nafta,5,Automática,2.4,SUV,Publicado hace 14 días,45.400 km,29500000
Jeep,Compass,2018,2.4 Limited,Gris,Nafta,5,Automática,2.4,SUV,Publicado hace 26 días,127.000 km,29000
Jeep,Compass,2024,1.3 T270 Serie-s 4x2 At6,Gris,Nafta,5,Automática,1.3,SUV,Publicado hace 3 meses,5.500 km,43000
Jeep,Compass,2019,2.4 Sport At Carwestcaba,Gris,Nafta,5,Automática,2.4,SUV,Publicado hace 15 días,67.800 km,28500000
Jeep,Compass,2012,2.4 Limited 170cv Atx,Gris,Nafta,5,Automática,2.4,SUV,Publicado hace 20 días,121.000 km,13499
Jeep,Compass,2007,2.4 Limited L07,Negro,Nafta,5,Manual,INYECCION MULTI PUNTO,SUV,Publicado hace 3 meses,80.000 km,16000000
Jeep,Compass,2019,2.4 Longitude Carwestcaba,Gris,Nafta,5,Automática,2.4,SUV,Publicado hace 1 día,87.400 km,29800000
Jeep,Compass,2022,1.3 T270 Sport,Negro,Nafta,5,Automática,1.3,SUV,Publicado hace 7 días,45.000 km,30000
Jeep,Compass,2024,1.3 T270 Sport 4x2 At6,Negro,Nafta,5,Automática,1.3,SUV,Publicado hace 7 días,16.000 km,34000
Jeep,Compass,2018,2.4 Sport,Plateado,Nafta,5,Manual,2.4,SUV,Publicado hace 16 días,37.000 km,26000
Jeep,Compass,2024,1.3 T270 Longitude 4x2 At6 2024 1167468820,Blanco,Nafta,5,Automática,1.3,SUV,Publicado hace 26 días,8.000 km,45000000
Jeep,Compass,2020,Sport 4x2 At 2020,Blanco,Nafta,5,Manual,2.4,SUV,Publicado hace 5 meses,76.000 km,23499
Jeep,Compass,2021,2.4 Sport,Blanco,Nafta,5,Manual,2.4,SUV,Publicado hace 2 meses,82.100 km,28500000
Jeep,Compass,2022,1.3 T270 Limited,Gris,Nafta,5,Automática,1.3,SUV,Publicado hace 2 meses,88.285 km,39900000
Jeep,Compass,2021,1.3 T270 Sport,Plateado,Nafta,5,Automática,1.3,SUV,Publicado hace 4 meses,54.613 km,34500000
Jeep,Compass,2019,2.4 Longitude 2019,Negro,Nafta,5,Automática,2.4,SUV,Publicado hace 5 meses,63.000 km,26999
Jeep,Compass,2019,2.4 Limited 170cv Atx,Negro,Nafta,5,Automática,2.4,SUV,Publicado hace 1 día,86.000 km,38500
Jeep,Compass,2020,2.4 Limited Plus,Gris,Nafta,5,Automática,2.4,SUV,Publicado hace 1 día,92.000 km,35900
Jeep,Compass,2017,2.4 Limited,Gris,Nafta,5,Automática,2.4,SUV,Publicado hace 1 día,70.000 km,26000
Jeep,Compass,2019,2.4 Limited,Negro,Nafta,5,Automática,2.4,SUV,Publicado hace 4 días,48.400 km,27500
Jeep,Compass,2024,1.3 T270 Sport 4x2 At6 Año 2024,Negro,Nafta,5,Automática,1.3,SUV,Publicado hace 9 días,17.000 km,34500
Jeep,Compass,2014,2.4 Sport At 4x4,Plateado,Nafta,5,Automática,2.4,Off-Road,Publicado hace 18 días,166.000 km,17000
Jeep,Compass,2018,2.4 Sport 4x2 Mt6 2018,Gris oscuro,Diésel,5,Manual,2.4,SUV,Publicado hace 20 días,105.593 km,28300000
Jeep,Compass,2020,2.4 Sport At,Gris,Nafta,5,Automática,2.4,SUV,Publicado hace 35 días,75.800 km,23500
Jeep,Compass,2019,2.4 Sport Berazategui 446,Gris,Nafta,5,Manual,2.4,SUV,Publicado hace 2 meses,92.059 km,27900000
Jeep,Compass,2019,2.4 Limited At9 Plus,Blanco,Nafta,5,Automática,2.4,SUV,Publicado hace 3 meses,67.000 km,34900000
Jeep,Compass,2018,2.4 Limited,Blanco,Nafta,5,Automática,2.4,SUV,Publicado hace 4 meses,99.000 km,26799
Jeep,Compass,2020,2.4 Longitude At,Negro,Nafta,4,Automática,2.4,SUV,Publicado hace 5 meses,68.828 km,33900000
Jeep,Compass,2020,No disponible,Gris,Nafta,5,Manual,2.4,SUV,Publicado hace 7 meses,115.298 km,27500000
Jeep,Compass,2021,2.4 Longitude Plus,Negro,Nafta,5,Automática,2.4,SUV,Publicado hace 6 días,61.000 km,32500000
Jeep,Compass,2024,1.3 T270 Longitude Plus 4x2 At6,Blanco,Nafta,5,Automática,1.3,SUV,Publicado hace 7 días,1.000 km,45000000
Jeep,Compass,2019,2.4 Sport,Beige,Nafta,5,Manual,2.4,SUV,Publicado hace 12 días,84.000 km,22000
Jeep,Compass,2019,2.4 Sport,Negro,Nafta,5,Manual,2.4,SUV,Publicado hace 53 días,110.000 km,26500000
Jeep,Compass,2019,2.4 Sport 4x2 Mt6 2019,Blanco,Diésel,5,Automática,2.4,SUV,Publicado hace 3 meses,122.206 km,28896600
Jeep,Compass,2021,2.4 Longitude Plus Oportunidad La Mejor En Ml,Negro,Nafta,5,Automática,2.4,SUV,Publicado hace 40 días,62.000 km,36000000
Jeep,Compass,2020,2.4 Sport,Gris,Nafta,5,Manual,2.4,SUV,Publicado hace 10 días,65.000 km,30500000
Jeep,Compass,2018,2.4 Sport,Rojo,Nafta,5,Manual,2.4,SUV,Publicado hace 14 días,59.000 km,24400
Jeep,Compass,2024,1.3 Longitude At6,Gris,Nafta,5,Automática,1.3,SUV,Publicado hace 3 meses,8.500 km,45000000
Jeep,Compass,2018,2.4 Limited,Negro,Nafta,5,Automática,2.4,SUV,Publicado hace 1 día,60.000 km,25900
Jeep,Compass,2024,1.3 Longitude At6,Gris,Nafta,5,Automática,1.3,SUV,Publicado hace 3 meses,8.500 km,45000000
Jeep,Compass,2018,2.4 Limited,Negro,Nafta,5,Automática,2.4,SUV,Publicado hace 1 día,60.000 km,25900
Jeep,Compass,2024,1.3 T270 Sport 4x2 At6,Gris,Nafta,5,Automática,1.3,SUV,Publicado hace 2 meses,1.500 km,39990000
Jeep,Compass,2017,2.4 Limited 170cv Atx,Blanco,Nafta,5,Automática,2.4,SUV,Publicado hace 3 meses,78.000 km,29000
Jeep,Compass,2020,2.4 Longitude Plus,Blanco,Nafta,5,Automática,2.4,SUV,Publicado hace 7 días,51.000 km,32000000
Jeep,Compass,2018,2.4 Limited 170cv Atx,Plateado,Nafta,5,Automática,2.4,SUV,Publicado hace 7 días,75.000 km,32000000
Jeep,Compass,2019,2.4 Longitude,Negro,Nafta,5,Automática,2.4,SUV,Publicado hace 24 días,85.000 km,23500
Jeep,Compass,2019,2.4 Sport At,Negro,Nafta,5,Automática,2.4,SUV,Publicado hace 1 día,104.000 km,31500000
Jeep,Compass,2019,2.4 Longitude Plus,Blanco,Nafta,5,Automática,2.4,SUV,Publicado hace 4 días,77.000 km,32500000
Jeep,Compass,2019,2.4 Longitude Plus,Negro,Nafta,5,Automática,2.4,SUV,Publicado hace 6 días,100.000 km,28900000
Jeep,Compass,2021,1.3 T270 Sport,Blanco,Nafta,5,Automática,1.3,SUV,Publicado hace 27 días,32.000 km,32900000
Jeep,Compass,2021,2.4 Longitude,Blanco,Nafta,5,Manual,2.4,SUV,Publicado hace 33 días,22.000 km,37000
Jeep,Compass,2021,2.0 Td At9 4x4 Limited Plus,Gris,Diésel,5,Automática,2.0,SUV,Publicado hace 2 meses,76.055 km,30500
Jeep,Compass,2019,2.4 Longitude Maderomotors,Negro,Nafta,5,Automática,2.4,SUV,Publicado hace 19 días,69.000 km,24000
Jeep,Compass,2019,2.4 Longitude,Plateado,Nafta,5,Automática,2.4,SUV,Publicado hace 10 días,89.000 km,28900
Jeep,Compass,2018,2.4 Longitude At6,Plateado,Nafta/GNC,5,Automática,2.4,SUV,Publicado hace 25 días,84.000 km,31000000
Jeep,Compass,2023,1.3 T270 Longitude Plus At6,Gris,Nafta,5,Automática,1.3,SUV,Publicado hace 54 días,26.000 km,43000000
Jeep,Compass,2018,2018 2.4 Sport,No disponible,Nafta,5,Manual,2.4,SUV,Publicado hace 5 meses,87.000 km,25000000
Jeep,Compass,2018,2.4 Longitude 4x4 2018,Gris,Nafta,5,Automática,2.4,SUV,Publicado hace 3 meses,105.600 km,24000
Jeep,Compass,2017,2017 2.4 Limited Plus,Blanco,Nafta,5,Automática,2.4,SUV,Publicado hace 8 meses,123.000 km,28900000
Jeep,Compass,2018,2.4 Longitude,Gris,Nafta,5,Automática,2.4,SUV,Publicado hace 35 días,63.300 km,33000000
Jeep,Compass,2024,1.3 T270 Serie-s 4x2 At6 /// 2024 - 0km,Negro,Nafta,5,Automática,1.3,SUV,Publicado hace 42 días,1.000 km,42500
Jeep,Compass,2020,2.4 Longitude Plus,Gris,Nafta,5,Automática,2.4,SUV,Publicado hace 4 meses,80.000 km,31800000
Jeep,Compass,2019,2.4 Sport,Beige,Nafta,5,Manual,2.4,SUV,Publicado hace 11 días,110.000 km,25500
Jeep,Compass,2022,1.3 T270 Sport,Negro,Nafta,5,Automática,1.3,SUV,Publicado hace 49 días,22.000 km,31000
Jeep,Compass,2024,1.3 T270 Sport 4x2 At6,Gris,Nafta,5,Automática,1.3,SUV,Publicado hace 50 días,16.000 km,41800000
Jeep,Compass,2024,2.4 Sport,Negro,Nafta,5,Manual,2.4,SUV,Publicado hace 2 días,1.400 km,32000000
Jeep,Compass,2007,2.4 Limited /// 2007 - 196.000km,Gris,Nafta/GNC,5,Manual,2.4,SUV,Publicado hace 8 días,196.000 km,10000
Jeep,Compass,2023,1.3 Serie At6,Blanco,Nafta,5,Automática,1.3,SUV,Publicado hace 8 días,19.000 km,43900000
Jeep,Compass,2023,2.0 Td At9 4x4 Trailhawk,Gris,Diésel,5,Automática,2.4,SUV,Publicado hace 12 días,50.000 km,38000
Jeep,Compass,2018,2.4 Sport,Blanco,Nafta,5,Manual,2.4,SUV,Publicado hace 39 días,71.240 km,23000
Jeep,Compass,2018,2.4 Sport,Blanco,Nafta,5,Manual,2.4,SUV,Publicado hace 39 días,71.240 km,23000
Jeep,Compass,2022,1.3 T270 Limited,Gris,Nafta,5,Automática,1.3,SUV,Publicado hace 2 meses,88.285 km,39900000
Jeep,Compass,2020,2.4 Longitude,Negro,Nafta,5,Manual,2.4,SUV,Publicado hace 3 meses,36.800 km,29000
Jeep,Compass,2018,2.4 Longitude Plus 4x4 /// 2018 - 150.000km,Blanco,Nafta,5,Automática,2.4,SUV,Publicado hace 4 meses,150.000 km,26000
Jeep,Compass,2020,2.4 Soprt 4x2,Gris,Nafta,5,Manual,2.4,SUV,Publicado hace 6 meses,31.556 km,31000000
Jeep,Compass,2021,2.4 Longitude Plus,Gris,Nafta,5,Automática,2.4,SUV,Publicado hace 4 días,70.000 km,28500
Jeep,Compass,2018,2.4 Limited 170cv Atx,Gris,Nafta,5,Automática,2.4,SUV,Publicado hace 22 días,60.000 km,33500000
Jeep,Compass,2020,2020 2.4 Sport,No disponible,Nafta,5,Manual,2.4,SUV,Publicado hace 8 meses,114.000 km,30000000
Jeep,Compass,2018,2.4 Longitude,Gris,Nafta,5,Automática,2.4,SUV,Publicado hace 6 días,88.000 km,29000000
Jeep,Compass,2019,2.4 Limited 170cv Atx,Gris,Nafta,5,Automática,2.4,SUV,Publicado hace 35 días,169.900 km,26800
Jeep,Compass,2021,2.4 Longitude Plus,Plateado,Nafta,5,Automática,2.4,SUV,Publicado hace 36 días,50.000 km,29500
Jeep,Compass,2022,1.3 T270 Limited,Gris,Nafta,5,Automática,1.3,SUV,Publicado hace 6 días,30.000 km,37500
Jeep,Cpmpass,2022,Longitude 1.3t,Gris,Nafta,5,Automática,1.3,SUV,Publicado hace 12 días,55.000 km,38900000
Jeep,Compass,2018,2.4 Limited,Azul,Nafta,5,Automática,2.4,SUV,Publicado hace 39 días,85.000 km,30900000
Jeep,Compass,2018,2.4 Longitude Plus 4x4,Plateado,Nafta,5,Automática,2.4,SUV,Publicado hace 2 meses,150.000 km,27850
Jeep,Compass,2020,"Sport 2,4 Mt",Negro,Nafta,5,Manual,2.4,SUV,Publicado hace 8 meses,56.000 km,28900000
Jeep,Compass,2019,2.4 Longitude Plus 4x4,Plateado,Nafta,5,Automática,2.4,SUV,Publicado hace 2 días,60.000 km,27500
Jeep,Compass,2019,2.4 Longitude,Gris,Nafta,5,Automática,2.4,SUV,Publicado hace 11 días,120.000 km,29900000
Jeep,Compass,2020,2.4 Limited,Blanco,Nafta,5,Automática,2.4,SUV,Publicado hace 12 días,63.000 km,30800
Jeep,Compass,2018,2.4 Limited 170cv Atx,Gris,Nafta,5,Automática,2.4,SUV,Publicado hace 16 días,110.000 km,26000
Jeep,Compass,2019,2.4 Longitude Plus 4x4,Negro,Nafta,5,Automática,2.4,SUV,Publicado hace 18 días,97.000 km,28500
Jeep,Compass,2019,2.4 Sport At,Blanco,Nafta,5,Automática,2.4,SUV,Publicado hace 20 días,113.000 km,31500000
Jeep,Compass,2019,2.4 Longitude,Gris,Nafta,5,Automática,2.4,SUV,Publicado hace 2 meses,99.600 km,30000000
Jeep,Compass,2019,2.4 Longitude,Blanco,Nafta,5,Automática,2.4,SUV,Publicado hace 16 días,81.000 km,31000000
Jeep,Compass,2018,2.4 Sport,Blanco,Nafta,5,Manual,2.4,SUV,Publicado hace 19 días,71.240 km,22999
Jeep,Compass,2021,2.4 Longitude Plus Blindado Rb3 Bullet Proof,Azul,Nafta,5,Automática,2.4,SUV,Publicado hace 47 días,30.000 km,42500
Jeep,Compass,2022,1.3 T270 Limited,Gris,Nafta,5,Automática,1.3,SUV,Publicado hace 47 días,26.000 km,38000000
Jeep,Compass,2018,2.4 Longitude,Plateado,Nafta,5,Automática,2.4,SUV,Publicado hace 2 meses,95.000 km,30000000
Jeep,Compass,2023,1.3 T270 Sport,Gris,Nafta,5,Automática,1.3,SUV,Publicado hace 3 meses,29.000 km,38000000
Jeep,Compass,2020,Sport 2020,Gris,Nafta,4,Manual,2.4 Nafta,SUV,Publicado hace 7 meses,113.500 km,23500
Jeep,Compass,2018,2.4 Limited 170cv Atx,Blanco,Nafta,5,Automática,2.4,SUV,Publicado hace 12 días,89.777 km,28450000
Jeep,Compass,2020,2.4 Sport #cf,Gris,Nafta,5,Manual,2.4,SUV,Publicado hace 13 días,89.000 km,26700000
Jeep,Compass,2022,1.3 T270 Sport,Blanco,Nafta,5,Automática,1.3,SUV,Publicado hace 43 días,38.000 km,35900000
Jeep,Compas,2022,Sport 1.3 T,Blanco,Nafta,5,Automática,1.3,SUV,Publicado hace 6 meses,50.000 km,31900
Jeep,Compass,2021,2.0 Td At9 4x4 Limited Plus,Negro,Nafta,5,Automática,2.0,SUV,Publicado hace 1 día,86.000 km,28900
Jeep,Compass,2018,2.4 Sport,Blanco,Nafta,5,Manual,2.4,SUV,Publicado hace 6 días,77.000 km,30400000
Jeep,Compass,2018,2.4 Longitude Plus 4x4,Negro,Nafta,5,Automática,2.4,SUV,Publicado hace 12 días,68.000 km,23900
Jeep,Compass,2020,Limited Plus 4x4,Negro,Nafta,4,Automática,2.0,SUV,Publicado hace 35 días,70.000 km,32000
Jeep,Compass,2022,2.0 Td At9 4x4 Trailhawk,Marrón,Diésel,5,Automática,2.4,SUV,Publicado hace 2 meses,30.000 km,99999999
Jeep,Compass,2018,Longitude,Blanco,Nafta,5,Automática,2.4,SUV,Publicado hace 29 días,56.000 km,29800000
Jeep,Compass,2020,2.4 Sport At,Blanco,Nafta,5,Automática,2.4,SUV,Publicado hace 2 meses,58.000 km,29800000
Jeep,Compass,2008,2.4 Limited At 2008 Negro Services Oficiales,Negro,Nafta,5,Automática,2.4,Off-Road,Publicado hace 6 días,146.000 km,12000
Jeep,Compass,2018,2.4 Limited Plus,Gris,Nafta,5,Automática,2.4,SUV,Publicado hace 22 días,62.000 km,35000000
Jeep,Compass,2020,2.4 Limited Plus,Gris,Nafta,5,Automática,2.4,SUV,Publicado hace 14 días,50.000 km,33000
Jeep,Compass,2023,2.4 Longitude Plus,Marrón,Nafta,5,Automática,2.4,SUV,Publicado hace 39 días,21.000 km,40000000
Jeep,Compass,2020,2.4 Longitude,Gris,Nafta,5,Manual,2.4,SUV,Publicado hace 47 días,47.710 km,24900
Jeep,Compass,2024,1.3 T270 Serie-s 4x2 At6,Gris,Nafta,5,Automática,1.3,SUV,Publicado hace 3 días,1.039 km,46500000
Jeep,Compass,2013,2.4 Limited 170cv Atx,Negro,Nafta,5,Automática,2.4,SUV,Publicado hace 7 días,200.000 km,12000
Jeep,Compass,2019,2.4 Limited Plus,Blanco,Nafta,5,Automática,2.4,SUV,Publicado hace 4 días,38.000 km,38000000
Jeep,Compass,2020,2.4 Sport,Negro,Nafta,5,Manual,2.4,SUV,Publicado hace 22 días,80.000 km,30500000
Jeep,Compass,2023,1.3 T270 Longitude Plus At6,Negro,Nafta,5,Automática,1.3,SUV,Publicado hace 3 meses,1.800 km,43500000
Jeep,Compass,2022,1.3 T270 Sport,Blanco,Nafta,5,Automática,1.3,No disponible,Publicado hace 29 días,53.000 km,32500
Jeep,Compass,2018,2.4 Sport,Gris,Nafta,5,Manual,2.4,SUV,Publicado hace 1 día,115.000 km,26000000
Jeep,Compass,2008,Limited,Plateado,Nafta,5,Automática,No disponible,No disponible,Publicado hace 4 meses,150.000 km,14500000
Jeep,Compass,2021,2.0 Td At9 4x4 Trailhawk,Gris,Diésel,5,Automática,2.0,SUV,Publicado hace 2 días,130.000 km,40000000
Jeep,Compass,2022,1.3 T270 Longitude Plus At6,Plateado,Nafta,5,Automática,1.3,SUV,Publicado hace 2 meses,43.000 km,40000000
Jeep,Compass,2007,No disponible,Azul,Nafta/GNC,5,Manual,2.4,No disponible,Publicado hace 1 día,154.000 km,6800
Jeep,Compass,2019,2.4 Sport At,Negro,Nafta,5,Automática,2.4,SUV,Publicado hace 1 día,92.000 km,30000000
Jeep,Compass,2022,1.3 T270 Longitude,Gris,Nafta,5,Automática,1.3,SUV,Publicado hace 27 días,54.310 km,33000
Jeep,Compass,2021,2.4 Longitude At6 2021 Vtv 47.000 Kms Servis O,Gris,Nafta,5,Automática,2.4,SUV,Publicado hace 29 días,47.000 km,30000
Jeep,Compass,2020,2.4 Sport 4x2 Mt6 2020,Negro,Diésel,5,Manual,2.4,Rural,Publicado hace 39 días,112.400 km,24000
Jeep,Compass,2023,Longitude Plus 2023 Billet Silver 2023 Ag027,Gris,Nafta,5,Automática,1.3,SUV,Publicado hace 9 meses,7.000 km,43000000
Jeep,Compass,2021,2.4 Longitude Plus,Blanco,Nafta,5,Automática,2.4,SUV,Publicado hace 12 días,80.000 km,33500000
Jeep,Compass,2022,1.3 T270 Sport,Gris,Nafta,5,Automática,1.3,SUV,Publicado hace 18 días,24.000 km,30900
Jeep,Compass,2019,Longitude 2.4 At6 2019,Blanco,Nafta,5,Automática,2.4,SUV,Publicado hace 32 días,56.873 km,28200
Jeep,Compass,2021,2.4 Sport At,Plateado,Nafta,5,Automática,2.4,SUV,Publicado hace 46 días,89.224 km,27200
Jeep,Compass,2022,1.3 T270 Longitude Plus At6,Gris,Nafta,5,Automática,1.3,SUV,Publicado hace 2 meses,60.000 km,37500000
Jeep,Compass,2024,1.3 T270 Limited 4x2 At6,Gris,Nafta,5,Automática,1.3,SUV,Publicado hace 3 días,6.000 km,41990
Jeep,Compass,2024,1.3 T270 Limited 4x2 At6 Famaautos Territory/q2,Plateado,Nafta,5,Automática,1.3,SUV,Publicado hace 2 meses,650 km,41500
Jeep,Compass,2024,1.3 T270 Serie-s 4x2 At6 Famaautos Q2/tiguan/q3,Blanco,Nafta,5,Automática,1.3,SUV,Publicado hace 2 meses,600 km,42500
Jeep,Sport,2014,2.4l Mar,Blanco,Nafta,5,Automática,2.4,SUV,Publicado hace 7 meses,131.000 km,18000000
Jeep,Sport,2014,2.4l Mar,Blanco,Nafta,5,Automática,2.4,SUV,Publicado hace 7 meses,131.000 km,18000000
Jeep,Sport,2014,2.4l Luc,Blanco,Nafta,5,Automática,2.4,SUV,Publicado hace 7 meses,131.000 km,18000000
Jeep,Compass,2020,2.4 Longitude Carwestcaba,Negro,Nafta,5,Manual,2.4,SUV,Publicado hace 6 días,81.500 km,32500000
Jeep,Compass,2021,2.4 Sport,Negro,Nafta,5,Manual,2.4,SUV,Publicado hace 11 días,48.000 km,29800000
Jeep,Compass,2019,2.4 Limited At9 L17,Azul,Nafta,5,Automática,INYECCION MULTI PUNTO,SUV,Publicado hace 25 días,113.000 km,34500000
Jeep,Compass,2020,2.4 Limited Plus,Negro,Nafta,5,Automática,2.4,SUV,Publicado hace 40 días,70.000 km,31000
Jeep,Compass,2021,2021 2.4 Sport,No disponible,Nafta,5,Manual,2.4,SUV,Publicado hace 1 año,40.000 km,31500000
Jeep,Compass,2024,1.3 T270 Serie-s 4x2 At6,Gris,Nafta,5,Automática,1.3,SUV,Publicado hace 1 día,15.000 km,44000
Jeep,Compass,2020,2.4 Longitude Carwestcaba,Blanco,Nafta,5,Manual,2.4,SUV,Publicado hace 8 días,75.000 km,32900000
Jeep,Compass,2022,Limited At6 2022 1.3t 270t Linea Nueva,Negro,Nafta,5,Automática,1.3,SUV,Publicado hace 1 año,56.000 km,36000
Jeep,Compass,2021,2021 2.0 Td At9 4x4 Limited Plus,Gris,Diésel,5,Automática,2.4,SUV,Publicado hace 3 años,45.000 km,34990000
Jeep,Compass,2018,2.4 Limited 170cv Atx,Azul,Nafta,5,Automática,2.4,SUV,Publicado hace 1 mes,27.000 km,32900
Jeep,Compass,2021,2.4 Sport,Negro,Nafta,5,Manual,2.4,SUV,Publicado hace 3 meses,35.440 km,29500000
Jeep,Compass,2013,Limited Aut. 4x4 2013,Gris,Nafta,5,Automática,2.4,SUV,Publicado hace 1 año,170.000 km,18500000
Jeep,Compass,2019,2.4 Limited At9 2019,Gris oscuro,Nafta,5,Automática,2.4,SUV,Publicado hace 15 días,73.000 km,34600000
Jeep,Compass,2019,2.4 Limited At9 2019,Gris oscuro,Nafta,5,Automática,2.4,SUV,Publicado hace 46 días,73.000 km,34600000
Jeep,Compass,2021,2.4 Sport,Blanco,Nafta,5,Manual,2.4,SUV,Publicado hace 3 meses,85.000 km,30500000
Jeep,Compass,2018,2.4 Longitude,Gris,Nafta,5,Automática,2.4,SUV,Publicado hace 10 días,64.000 km,27990
Jeep,Compass,2019,2.4 Limited 170cv Atx 4x4,Gris,Nafta,5,Automática,2.4,SUV,Publicado hace 29 días,86.000 km,26200
Jeep,Jeep,2014,Compass 2.4 Sport 170cv Atx,Rojo,Nafta,5,Automática,2.4,SUV,Publicado hace 3 meses,113.000 km,16500
Jeep,Compass,2018,2.4 Sport Mt,Blanco,Nafta,5,Manual,2.4,SUV,Publicado hace 9 meses,85.000 km,12500000
Jeep,Compass,2019,2.4 Longitude,Gris,Nafta,5,Automática,2.4,SUV,Publicado hace 12 días,89.000 km,27490
Jeep,Compass,2020,2.4 Sport At,Gris,Nafta,5,Automática,2.4,SUV,Publicado hace 42 días,75.800 km,23500
Jeep,Compass,2008,2.4 Sport Cvt,Negro,Nafta,4,Automática,2.4,SUV,Publicado hace 54 días,160.000 km,14500
Jeep,Compass,2020,2.4 Sport At,Blanco,Nafta,5,Automática,2.4,SUV,Publicado hace 55 días,76.000 km,23499
Jeep,Compass,2008,2.4 Sport Cvt,Negro,Nafta,5,Automática,2.4,SUV,Publicado hace 4 meses,160.000 km,14500
Jeep,Compass,2018,2.4 Sport M/t 2018,Blanco,Nafta,5,Manual,2.4,SUV,Publicado hace 9 meses,80.000 km,25500000
Jeep,Compass,2021,2.4 Limited 170cv Atx Carwestcaba,Negro,Nafta,5,Automática,2.4,SUV,Publicado hace 32 días,72.800 km,33900
Jeep,Compass,2017,2.4 Sport,Blanco,Nafta,5,Manual,2.4,SUV,Publicado hace 3 meses,54.000 km,26000
Jeep,Compass,2018,2.4 Longitude 4x4 2018 Necochea,Blanco,Nafta,5,Automática,2.4,SUV,Publicado hace 49 días,126.000 km,31500000
Jeep,Compass,2024,1.3 T270 Serie-s 4x2 At6,Gris,Nafta,5,Automática,1.3,SUV,Publicado hace 1 día,7.300 km,39800
Jeep,Compass,2024,1.3 T270 Serie-s 4x2 At6,Blanco,Nafta,5,Automática,1.3,SUV,Publicado hace 3 meses,1.800 km,41000
Jeep,Compass,2013,2.4 Limited 170cv Atx,Negro,Nafta,5,Automática,2.4,SUV,Publicado hace 5 meses,187.000 km,15500
Jeep,Compass,2020,2.4 Sport,Gris,Nafta,5,Manual,2.4,SUV,Publicado hace 17 días,70.000 km,29000000
Jeep,Compass,2019,Sport 2.4 Automatica Año 2019 Excelente Unica !,Gris,Nafta,5,Automática,2.4,SUV,Publicado hace 1 año,58.000 km,28905000
Jeep,Compass,2008,2.4 Sport Cvt,Negro,Nafta,5,Automática,2.4,SUV,Publicado hace 6 días,155.000 km,10999
Jeep,Compass,2019,Sport 2.4 Automatica Año 2019 Excelente Unica !,Gris,Nafta,5,Automática,2.4,SUV,Publicado hace 1 año,58.000 km,28905000
Jeep,Compass,2008,2.4 Sport Cvt,Negro,Nafta,5,Automática,2.4,SUV,Publicado hace 6 días,155.000 km,10999
Jeep,Compass,2017,2.4 Limited Plus,Plateado,Nafta,5,Automática,2.4,SUV,Publicado hace 28 días,94.000 km,29500000
Jeep,Compass,2020,2.0 Td At9 4x4 Limited Plus,Gris,Diésel,5,Automática,2.0,SUV,Publicado hace 55 días,60.000 km,35900
Jeep,Compass,2020,2.4 Sport,Negro,Nafta,5,Manual,2.4,SUV,Publicado hace 50 días,85.000 km,26500000
Jeep,Compass,2020,2.4 Longitude Plus,Negro,Nafta,5,Automática,2.4,SUV,Publicado hace 2 meses,97.000 km,29000
Jeep,Compass,2009,2.4 Limited Cvt,Negro,Nafta,5,Automática,2.4,SUV,Publicado hace 3 meses,194.000 km,14900000
Jeep,Compass,2021,2.4 Sport,Blanco,Nafta,5,Manual,2.4,SUV,Publicado hace 3 días,82.000 km,30500000
Jeep,Compass,2012,2.4 Limited 170cv Atx,Gris,Nafta,5,Automática,2.4,SUV,Publicado hace 12 días,64.000 km,16900
Jeep,Compass,2020,2.4 Sport,Blanco,Nafta,5,Manual,2.4,SUV,Publicado hace 2 meses,70.000 km,32000000
Jeep,Compass,2021,2.4 Sport,Plateado,Nafta,5,Manual,2.4,SUV,Publicado hace 3 meses,73.200 km,32000000
Jeep,Compass,2018,Sport 2.4 Mt 2018 Excelente Oportunidad!!,Blanco,Nafta,5,Manual,2.4,SUV,Publicado hace 1 año,31.000 km,22900
Jeep,Compass,2022,1.3 T270 Longitude Plus At6,Gris,Nafta,5,Automática,1.3,SUV,Publicado hace 36 días,39.000 km,32000
Jeep,Compass,2020,2020 2.4 Longitude,No disponible,Nafta,5,Manual,2.4,SUV,Publicado hace 6 meses,100.000 km,30000000
Jeep,Compass,2012,2.4 Limited 170cv Atx,Negro,Nafta,5,Automática,2.4,SUV,Publicado hace 17 días,180.000 km,13000
Jeep,Compass,2021,2.4 Longitude Plus,Blanco,Nafta,5,Automática,2.4,SUV,Publicado hace 47 días,67.161 km,30000
Jeep,Compass,2020,2.4 Sport #cf,Gris,Nafta,5,Manual,2.4,SUV,Publicado hace 8 días,89.000 km,22600
Jeep,Compass,2024,1.3 T270 Sport 4x2 At6,Plateado,Nafta,5,Automática,1.3,SUV,Publicado hace 27 días,1.000 km,42000000
Jeep,Compass,2021,2.4 Longitude,Plateado,Nafta,5,Manual,2.4,SUV,Publicado hace 1 día,38.000 km,33000
Jeep,Compass,2021,2.4 Sport,Negro,Nafta,5,Manual,2.4,SUV,Publicado hace 14 días,73.474 km,29900000
Jeep,Compass,2021,2.4 Longitude Expoeste,Azul,Nafta,5,Manual,2.4,SUV,Publicado hace 2 meses,40.000 km,28900
Jeep,Compass,2020,2.4 Sport,Blanco,Nafta,5,Manual,2.4,SUV,Publicado hace 2 meses,79.000 km,29000000
Jeep,Compass,2021,2.4 Longitude Plus,Negro,Nafta,5,Automática,2.4,SUV,Publicado hace 3 meses,48.200 km,31900
Jeep,Compass,2021,Sport 2.4 4x2 Mt6 174cv,Gris,Nafta,5,Manual,2.4,SUV,Publicado hace 9 meses,57.000 km,28000000
Jeep,Compass,2019,2.4 Sport At,Gris,Nafta,5,Automática,2.4,SUV,Publicado hace 8 días,60.000 km,24500
Jeep,Compass,2010,2.4 Limited Mtx,Gris,Nafta,5,Manual,2.4,SUV,Publicado hace 41 días,132.000 km,14500000
Jeep,Compass,2018,2.4 Sport,Marrón,Nafta,5,Manual,2.4,SUV,Publicado hace 53 días,107.000 km,22990000
Jeep,Compass,2019,2.4 Longitude Plus 4x4,Negro,Nafta,5,Automática,2.4,SUV,Publicado hace 2 meses,90.000 km,37000000
Jeep,Compass,2021,2.4 Longitude,Gris,Nafta,5,Manual,2.4,SUV,Publicado hace 2 meses,61.000 km,34500000
Jeep,Compass,2020,2.4 Sport At,Negro,Nafta,5,Automática,2.4,SUV,Publicado hace 2 meses,69.000 km,26000
Jeep,Compass,2008,2.4 Sport Cvt,Azul,Nafta,5,Automática,2.4,SUV,Publicado hace 4 meses,148.000 km,10000
Jeep,Compass,2020,2.4 Longitude Plus,Blanco,Nafta,5,Automática,2.4,SUV,Publicado hace 6 meses,40.000 km,36500000
Jeep,Compass,2020,2020 2.4 Sport,Blanco,Nafta,5,Manual,2.4,SUV,Publicado hace 6 meses,15.000 km,32000000
Jeep,Compass,2018,2018 2.4 Longitude,Negro,Nafta,5,Automática,2.4,SUV,Publicado hace 1 año,89.000 km,34400000
Jeep,Compass,2017,2017 2.4 Limited Plus,Gris,Nafta,5,Automática,2.4,SUV,Publicado hace 2 años,110.000 km,35750000
Jeep,Compass,2020,2.4 Longitude,Blanco,Nafta,5,Manual,2.4,SUV,Publicado hace 6 días,88.000 km,29900
Jeep,Compass,2019,2.4 Longitude,Gris,Nafta,5,Automática,2.4,SUV,Publicado hace 25 días,85.000 km,31800000
Jeep,Compass,2021,2.4 Longitude,Blanco,Nafta,5,Manual,2.4,SUV,Publicado hace 34 días,30.500 km,31000
Jeep,Compass,2022,1.3 T270 Longitude Plus At6,Gris,Nafta,5,Automática,1.3,SUV,Publicado hace 48 días,19.000 km,41000
Jeep,Compass,2019,2.4 Limited Plus,Gris,Nafta,5,Automática,2.4,SUV,Publicado hace 48 días,69.000 km,35000
Jeep,Compass,2019,2.4 Limited,Blanco,Nafta,5,Automática,2.4,SUV,Publicado hace 54 días,124.000 km,31900000
Jeep,Compass,2018,2.4 Limited Plus,Negro,Nafta,5,Automática,2.4,SUV,Publicado hace 2 meses,94.000 km,28500
Jeep,Longitude,2019,2.4 N Automática 4x2,Blanco,Nafta,5,Automática,2.4,SUV,Publicado hace 2 meses,25.979 km,30000000
Jeep,Compass,2023,1.3 Serie At6,Gris,Nafta,5,Automática,1.3,SUV,Publicado hace 11 días,30.000 km,43000000
Jeep,Compass,2020,2.4 Sport #cf,Gris,Nafta,5,Manual,2.4,SUV,Publicado hace 13 días,89.000 km,26700000
Jeep,Compass,2018,2.4 Longitude Plus 4x4,Negro,Nafta,5,Automática,2.4,SUV,Publicado hace 29 días,44.000 km,33000000
Jeep,Compass,2013,2.4 Limited 170cv Atx,Gris,Nafta,5,Automática,2.4,SUV,Publicado hace 49 días,165.000 km,17500000
Jeep,Compass,2020,2.4 Sport,Gris,Nafta,5,Manual,2.4,SUV,Publicado hace 56 días,63.000 km,31500000
Jeep,Compass,2018,2.4 Longitude Plus 4x4,Rojo,Nafta,5,Automática,2.4,SUV,Publicado hace 2 meses,130.000 km,24000
Jeep,Compass,2008,2.4 Sport Cvt,Negro,Nafta,5,Automática,2.4,SUV,Publicado hace 1 día,268.000 km,9000
Jeep,Compass,2024,1.3 T 270 Longitude At6 L21,Gris,Nafta,5,Automática,TURBOALIMENTADO,SUV,Publicado hace 4 días,12.000 km,43100000
Jeep,Compass,2024,1.3 T270 Sport 4x2 At6,Blanco,Nafta,5,Automática,1.3,SUV,Publicado hace 18 días,5.500 km,39999990
Jeep,Compass,2007,2.4 Limited,Gris,Nafta,5,Manual,2.4,SUV,Publicado hace 22 días,173.000 km,7600
Jeep,Compass,2018,2.4 Longitude,Negro,Nafta,5,Automática,2.4,SUV,Publicado hace 35 días,122.400 km,25000
Jeep,Compass,2020,2.4 Longitude Plus,Blanco,Nafta,5,Automática,2.4,SUV,Publicado hace 42 días,114.000 km,33900000
Jeep,Compass,2018,2.4 Limited 170cv Atx,Blanco,Nafta,5,Automática,2.4,SUV,Publicado hace 49 días,115.000 km,26000
Jeep,Compass,2018,2.4 Sport,Gris,Nafta,5,Manual,2.4,SUV,Publicado hace 4 meses,95.000 km,28200000
Jeep,Compass,2007,2.4 Limited At,Gris,Nafta,5,Automática,2.4,SUV,Publicado hace 17 días,170.000 km,13500000
Jeep,Compass,2017,2.4 Longitude Plus 4x4,Blanco,Nafta,5,Automática,2.4,SUV,Publicado hace 24 días,63.000 km,25500
Jeep,Compass,2019,2.4 Longitude Plus,Plateado,Nafta,5,Automática,2.4,SUV,Publicado hace 53 días,37.000 km,32900000
Jeep,Compass,2019,2.4 Longitude Plus,Gris,Nafta,5,Automática,2.4,SUV,Publicado hace 12 días,93.000 km,23900
Jeep,Compass,2018,2.4 Sport,Blanco,Nafta,5,Manual,2.4,SUV,Publicado hace 12 días,102.000 km,27500000
Jeep,Compass,2018,2.4 Sport,Gris,Nafta,5,Manual,2.4,SUV,Publicado hace 27 días,44.000 km,31500000
Jeep,Compass,2021,2.4 Sport At,Gris,Nafta,5,Automática,2.4,SUV,Publicado hace 50 días,36.000 km,31000
Jeep,Compass,2020,2.4 Longitude,Blanco,Nafta,5,Manual,2.4,SUV,Publicado hace 4 días,51.000 km,32990000
Jeep,No disponible,2020,No disponible,Gris,Nafta,5,Automática,2.4,SUV,Publicado hace 21 días,56.600 km,36500000
Jeep,Compass,2022,2.4 Longitude Plus,Blanco,Nafta,5,Automática,2.4,SUV,Publicado hace 22 días,37.000 km,36000
Jeep,Compass,2023,1.3 T270 Sport,Gris,Nafta,5,Automática,1.3,SUV,Publicado hace 26 días,30.000 km,38900000
Jeep,Compass,2018,2.4 Longitude,Gris,Nafta,5,Automática,2.4,SUV,Publicado hace 26 días,9.999 km,25000000
Jeep,Compass,2019,2.4 Longitude Plus,Negro,Nafta,5,Automática,2.4,SUV,Publicado hace 27 días,95.000 km,30000000
Jeep,Compass,2019,2.4 Longitude,Gris,Nafta,5,Automática,2.4,SUV,Publicado hace 28 días,106.000 km,25500
Jeep,Compass,2018,2.4 Longitude Plus 4x4,Negro,Nafta,5,Automática,2.4,SUV,Publicado hace 38 días,99.000 km,24000
Jeep,Compass,2018,2.4 Limited Plus. En Promoción!,Gris,Nafta,5,Automática,2.4,SUV,Publicado hace 39 días,120.000 km,32500000
Jeep,Compass,2021,2.4 Sport,Negro,Nafta,5,Manual,2.4,SUV,Publicado hace 52 días,39.500 km,26500
Jeep,Compass,2014,2.4 Sport 170cv Atx,Celeste,Nafta,5,Automática,2.4,SUV,Publicado hace 2 meses,151.000 km,17500000
Jeep,Compass,2021,2.4 Limited,Blanco,Nafta,5,Automática,2.4,SUV,Publicado hace 3 meses,39.000 km,31990000
Jeep,Compass,2018,2.4 Sport,Azul,Nafta,5,Manual,2.4,SUV,Publicado hace 7 meses,42.000 km,26000
Jeep,Compass,2019,2019 2.4 Sport,No disponible,Nafta,5,Manual,2.4,SUV,Publicado hace 1 año,102.000 km,27500000
Jeep,Compass,2020,2.4 Sport,Plateado,Nafta,5,Manual,2.4,SUV,Publicado hace 2 meses,76.000 km,29800000
Jeep,Compass,2019,2.4 Sport,Blanco,Nafta,5,Manual,2.4,SUV,Publicado hace 1 día,151.000 km,23500000
Jeep,Compass,2020,2.4 Sport,Gris,Nafta,5,Manual,2.4,SUV,Publicado hace 12 días,60.000 km,32900000
Jeep,Compass,2018,2.4 Longitude Plus 4x4,Negro,Nafta,5,Automática,2.4,SUV,Publicado hace 32 días,120.000 km,24000
Jeep,Compass,2019,2.4 Longitude,Gris,Nafta,5,Automática,2.4,SUV,Publicado hace 4 meses,75.000 km,24500
Jeep,Compass,2014,2014 2.4 Sport 170cv Atx,No disponible,Nafta,5,Automática,2.4,SUV,Publicado hace 8 meses,121.000 km,14500
Jeep,Compass,2019,2.4 Limited,Negro,Nafta,5,Automática,2.4,SUV,Publicado hace 3 días,86.700 km,28900
Jeep,Compass,2020,2.4 Sport At,Gris,Nafta,5,Automática,2.4,SUV,Publicado hace 46 días,80.000 km,23900
Jeep,Compass,2017,2.4 Limited,Negro,Nafta,5,Automática,2.4,SUV,Publicado hace 53 días,90.110 km,32700000
Jeep,Compass,2019,2.4 Longitude,Plateado,Nafta,5,Automática,2.4,SUV,Publicado hace 2 meses,86.000 km,28500
Jeep,Compass,2020,2.4 Longitude,Blanco,Nafta/GNC,5,Manual,2.4,SUV,Publicado hace 55 días,70.000 km,36000000
Jeep,Compass,2019,2.4 Longitude,Blanco,Nafta,5,Automática,2.4,SUV,Publicado hace 19 días,128.000 km,32500000
Jeep,Compass,2022,1.3 T270 Limited,Negro,Nafta,5,Automática,1.3,SUV,Publicado hace 32 días,37.000 km,37800
Jeep,Compass,2019,2.4 Longitude,Negro,Nafta,5,Automática,2.4,SUV,Publicado hace 46 días,66.000 km,32000
Jeep,Compass,2019,Longitude Plus 4x4 2.4 2019- Bellocchioautoslp,Blanco,Nafta,5,Manual,2.4,SUV,Publicado hace 3 meses,70.000 km,29000
Jeep,Compass,2023,2.0 Td At9 4x4 Trailhawk,Blanco,Diésel,5,Automática,2.0,SUV,Publicado hace 29 días,25.000 km,40000
Jeep,Compass,2022,1.3 T270 Sport 2022,Gris,Nafta,5,Automática,1.3,SUV,Publicado hace 47 días,52.000 km,31600
Jeep,Compass,2020,2.4 Longitude 2020,Blanco,Nafta,5,Automática,2.4,SUV,Publicado hace 48 días,100.500 km,33058000
Jeep,Compass,2024,1.3 Serie At6,Gris,Nafta,5,Automática,1.3,SUV,Publicado hace 5 meses,1.000 km,50950000
Jeep,Compass,2021,270 Limited 1.3t,Blanco,Nafta,5,Automática,2.4,SUV,Publicado hace 6 meses,76.000 km,38000000
Jeep,Compass,2008,Limited At Inmejorable Estado!,Negro,Nafta,5,Automática,2.4,SUV,Publicado hace 53 días,230.000 km,13000000
Jeep,Compass,2020,2.4 Sport,Blanco,Nafta,5,Manual,2.4,Pick-Up,Publicado hace 18 días,40.500 km,26000
Jeep,Compass,2018,2.4 Limited,Blanco,Nafta,5,Automática,2.4,SUV,Publicado hace 25 días,48.000 km,34600000
Jeep,Compass,2021,2.4 Sport M/t6 2021 1167468820,Gris,Nafta,5,Manual,2.4,SUV,Publicado hace 4 días,120.000 km,28600000
Jeep,Compass,2018,2.4 Longitude,Gris,Nafta,5,Automática,2.4,SUV,Publicado hace 14 días,118.000 km,22000
Jeep,Compass,2019,2.4 Sport At,Blanco,Nafta,5,Automática,2.4,SUV,Publicado hace 6 días,117.000 km,23499
Jeep,Compass,2024,1.3 T270 Longitude 4x2 At6,Gris,Nafta,5,Automática,1.3,SUV,Publicado hace 57 días,13.000 km,45100000
Jeep,Compass,2019,2.4 Longitude,Gris,Nafta,5,Automática,2.4,SUV,Publicado hace 27 días,105.000 km,23900
Jeep,Compass,2018,2.4 Longitude Plus 4x4,Blanco,Nafta,5,Automática,2.4,SUV,Publicado hace 5 meses,72.250 km,33500000
Jeep,Compass,2021,2021 2.4 Sport Automática,No disponible,Nafta,5,Automática,2.4,SUV,Publicado hace 9 meses,109.000 km,23000
Jeep,Compass,2018,2.4 Longitude Plus 4x4,Blanco,Nafta,5,Automática,2.4,SUV,Publicado hace 47 días,92.000 km,27500
Jeep,Compass,2009,2.4 Limited Cvt,Negro,Nafta,5,Automática,2.4,SUV,Publicado hace 4 meses,129.000 km,11200
Jeep,Compass,2012,2.4 Limited 170cv Atx,Gris,Nafta,5,Automática,2.4,SUV,Publicado hace 11 días,98.500 km,15500
Jeep,Compass,2022,1.3 T270 Sport,Gris,Nafta,5,Automática,1.3,SUV,Publicado hace 27 días,46.000 km,37000000
Jeep,Compass,2020,2020 2.4 Sport,No disponible,Nafta,5,Manual,2.4,SUV,Publicado hace 1 año,21.500 km,32500000
Jeep,Compass,2018,2.4 Sport,Negro,Nafta,5,Manual,2.4,SUV,Publicado hace 8 días,69.000 km,20900
Jeep,Compass,2024,1.3 T270 Serie-s 4x2 At6,Blanco,Nafta,5,Automática,1.3,SUV,Publicado hace 7 días,7.000 km,39000
Jeep,Compass,2020,2.4 Sport At,Blanco,Nafta,5,Automática,2.4,SUV,Publicado hace 12 días,95.000 km,31500000
Jeep,Compass,2018,2.4 Sport,Blanco,Nafta,5,Manual,2.4,SUV,Publicado hace 3 meses,70.000 km,21000
Jeep,Compass,2020,2020 2.4 Sport,No disponible,Nafta,5,Manual,2.4,SUV,Publicado hace 7 meses,85.000 km,23000
Jeep,Compass,2019,2019 2.4 Longitude,No disponible,Nafta,5,Automática,2.4,SUV,Publicado hace 11 meses,63.500 km,24000
Jeep,Compass,2013,2.4 Limited 170cv Atx,Negro,Nafta,5,Automática,2.4,SUV,Publicado hace 11 días,120.000 km,12500
Jeep,Compass,2012,2.4 Limited 170cv Atx,Negro,Nafta,5,Automática,2.4,SUV,Publicado hace 16 días,112.000 km,17500
Jeep,Compass,2018,2.4 Limited Plus,Plateado,Nafta,5,Automática,2.4,SUV,Publicado hace 25 días,80.000 km,27000
Jeep,Compass,2024,1.3 Longitude At6,Gris,Nafta,5,Automática,1.3,SUV,Publicado hace 48 días,40.000 km,42000000
Jeep,Compass,2021,2.4 Sport At,Negro,Nafta,5,Automática,2.4,SUV,Publicado hace 56 días,77.000 km,28500000
Jeep,Compass,2024,1.3 T270 Serie-s 4x2 At6,Gris,Nafta,5,Automática,1.3,SUV,Publicado hace 2 meses,2.200 km,47500000
Jeep,Compass,2008,2.4 Sport 4x4 Cvt,Azul,Nafta,5,Automática,2.4,SUV,Publicado hace 3 meses,150.000 km,12900
Jeep,Compass,2017,2.4 Longitude Plus 4x4,Gris,Nafta,5,Automática,2.4,SUV,Publicado hace 1 día,120.000 km,24000
Jeep,Compass,2018,2.4 Sport,Azul,Nafta,5,Manual,2.4,SUV,Publicado hace 1 día,36.034 km,22000
Jeep,Compass,2019,2.4 Longitude Plus,Negro,Nafta,5,Automática,2.4,SUV,Publicado hace 4 días,29.000 km,34500000
Jeep,Compass,2024,1.3 T270 Longitude 4x2 At6,Azul,Nafta,5,Automática,1.3,SUV,Publicado hace 6 días,65.500 km,39000000
Jeep,Compass,2013,2.4 Limited 170cv Atx,Negro,Nafta,5,Automática,2.4,SUV,Publicado hace 10 días,95.000 km,18700
Jeep,Compass,2022,1.3 T270 Sport,Blanco,Nafta,5,Automática,1.3,SUV,Publicado hace 22 días,35.000 km,31990
Jeep,Compass,2020,2.4 Longitude,Blanco,Nafta,5,Manual,2.4,SUV,Publicado hace 1 día,101.000 km,32000000
Jeep,Compass,2024,1.3 T270 Limited 4x2 At6,Blanco,Nafta,5,Automática,1.3,SUV,Publicado hace 3 días,6.500 km,47000000
Jeep,Compass,2021,2.4 Longitude Plus,Blanco,Nafta,5,Automática,2.4,SUV,Publicado hace 4 días,83.000 km,29000
Jeep,Compass,2013,2.4 Limited 170cv Atx,Negro,Nafta,5,Automática,2.4,SUV,Publicado hace 21 días,156.000 km,17000000
Jeep,Compass,2021,2.4 Longitude Plus,Blanco,Nafta,5,Automática,2.4,SUV,Publicado hace 4 días,83.000 km,29000
Jeep,Compass,2013,2.4 Limited 170cv Atx,Negro,Nafta,5,Automática,2.4,SUV,Publicado hace 21 días,156.000 km,17000000
Jeep,Compass,2023,1.3 T270 Longitude Plus At6,Negro,Nafta,5,Automática,1.3,SUV,Publicado hace 2 meses,24.000 km,41900000
Jeep,Compass,2017,2.4 Limited Plus,Gris,Nafta,5,Automática,2.4,SUV,Publicado hace 4 meses,111.000 km,28000
Jeep,Compass,2020,Sport 2.4 At,Gris,Nafta,5,Manual,2.4,SUV,Publicado hace 5 meses,108.000 km,23500
Jeep,Compass,2019,2.4 Sport At,Gris,Nafta,5,Automática,2.4,SUV,Publicado hace 11 días,79.500 km,26000000
Jeep,Compass,2021,2.4 Longitude At6,Gris,Nafta,5,Automática,2.4,SUV,Publicado hace 13 días,60.500 km,32500000
Jeep,Compass,2021,2.4 Sport At,Gris,Nafta,5,Automática,2.4,SUV,Publicado hace 16 días,25.500 km,33000000
Jeep,Compass,2017,2.4 Longitude Plus 4x4,Verde,Nafta,5,Automática,2.4,SUV,Publicado hace 19 días,121.000 km,22900
Jeep,Compass,2020,2.4 Limited,Blanco,Nafta,5,Automática,2.4,SUV,Publicado hace 20 días,63.000 km,30800
Jeep,Compass,2020,2.4 Limited 4x4 Automatica Full Service Oficial,Blanco,Nafta,5,Automática,2.4,SUV,Publicado hace 36 días,57.800 km,35500
Jeep,Compass,2019,Limited 4x4.,Gris,Nafta,5,Automática,"2,4",SUV,Publicado hace 52 días,75.000 km,34000
Jeep,Compass,2009,Limited 2009,Azul,Nafta,5,Automática,2.4,SUV,Publicado hace 2 meses,198.000 km,11000
Jeep,Compass,2007,2007 2.4 Sport,No disponible,Nafta,5,Manual,2.4,SUV,Publicado hace 1 año,175.000 km,11000
Jeep,Compass,2024,1.3 T270 Limited 4x2 At6,Negro,Nafta,5,Automática,1.3,SUV,Publicado hace 1 día,5.000 km,40000
Jeep,Compass,2020,2.4 Sport,Negro,Nafta,5,Manual,2.4,SUV,Publicado hace 13 días,53.000 km,25000
Jeep,Compass,2023,1.3 T270 Limited,Negro,Nafta,5,Automática,1.3,SUV,Publicado hace 28 días,60.000 km,42500000
Jeep,Compass,2024,1.3 T270 Longitude 4x2 At6,Negro,Nafta,5,Automática,1.3,SUV,Publicado hace 46 días,4.500 km,36500
Jeep,Compass,2020,2.4 Longitude Plus,Blanco,Nafta,5,Automática,2.4,SUV,Publicado hace 2 meses,107.000 km,32000000
Jeep,Compass,2019,2.4 Longitude,Gris,Nafta,5,Automática,2.4,SUV,Publicado hace 2 meses,88.000 km,29000000
Jeep,Compass,2013,2013 2.4 Limited 170cv Atx,Gris,Nafta,5,Automática,2.4,SUV,Publicado hace 1 año,130.000 km,14000
Jeep,Compass,2021,2.4 Longitude Plus,Blanco,Nafta,5,Automática,2.4,SUV,Publicado hace 1 día,65.000 km,33000000
Jeep,Compass,2020,2.4 Sport,Beige,Nafta,5,Manual,2.4,SUV,Publicado hace 1 día,81.500 km,23500
Jeep,Compass,2007,2.4 Sport At,Gris,Nafta,5,Automática,2.4,SUV,Publicado hace 2 días,220.000 km,9500
Jeep,Compass,2021,1.3 T270 Sport,Negro,Nafta,5,Automática,1.3,SUV,Publicado hace 5 días,5.500 km,33500
Jeep,Compass,2022,1.3 T270 Longitude,Plateado,Nafta,5,Automática,1.3,SUV,Publicado hace 7 días,41.400 km,41000000
Jeep,Compass,2018,2.4 Limited,Rojo,Nafta,5,Automática,2.4,SUV,Publicado hace 10 días,78.000 km,34000000
Jeep,Compass,2007,2.4 Limited,Gris,Nafta,5,Manual,2.4,SUV,Publicado hace 11 días,160.000 km,10000000
Jeep,Compass,2012,2.4 Limited 170cv Atx,Blanco,Nafta,5,Automática,2.4,SUV,Publicado hace 13 días,141.000 km,10500
Jeep,Compass,2020,2.4 Sport,Blanco,Nafta,5,Manual,2.4,SUV,Publicado hace 18 días,40.500 km,26000
Jeep,Compass,2008,2.4 Sport 4x4 Cvt,Negro,Nafta/GNC,5,Manual,2.4,SUV,Publicado hace 21 días,160.000 km,13900
Jeep,Compass,2024,1.3 T270 Sport 4x2 At6,Gris,Nafta,5,Automática,1.3,SUV,Publicado hace 27 días,1.881 km,40000000
Jeep,Compass,2021,2.4 Sport,Blanco,Nafta,5,Manual,2.4,SUV,Publicado hace 42 días,77.500 km,29900000
Jeep,Compass,2018,2.4 Sport,Negro,Nafta,5,Manual,2.4,SUV,Publicado hace 47 días,48.000 km,26500000
Jeep,Compass,2021,2.4 Sport,Blanco,Nafta,5,Manual,2.4,SUV,Publicado hace 4 meses,89.700 km,28600000
Jeep,Compass,2008,2.4 Sport Cvt,Gris,Nafta,5,Automática secuencial,2.4,SUV,Publicado hace 7 meses,190.000 km,10800
Jeep,Compass,2022,1.3 T270 Sport,Negro,Nafta,5,Automática,1.3,SUV,Publicado hace 1 día,35.000 km,32500
Jeep,Compass,2012,2.4 Limited 170cv Atx,Blanco,Nafta,5,Automática,2.4,SUV,Publicado hace 13 días,168.000 km,11500
Jeep,Compass,2018,2.4 Limited 170cv Atx,Gris,Nafta,5,Automática,2.4,SUV,Publicado hace 14 días,82.000 km,29500
Jeep,Compass,2021,2.4 Longitude,Negro,Nafta,5,Manual,2.4,SUV,Publicado hace 22 días,40.000 km,31000
Jeep,Compass,2021,2.4 Longitude,Gris,Nafta,5,Manual,2.4,SUV,Publicado hace 27 días,40.300 km,30000
Jeep,Compass,2022,1.3 T270 Longitude,Blanco,Nafta,5,Automática,1.3,SUV,Publicado hace 28 días,19.000 km,39000000
Jeep,Compass,2022,1.3 T270 Sport,Blanco,Nafta,5,Automática,1.3,SUV,Publicado hace 3 días,67.000 km,36800000
Jeep,Compass,2019,Limited 2.4 Awd,Gris,Nafta,4,Automática,2.4,SUV,Publicado hace 4 días,78.000 km,31000
Jeep,Compass,2023,1.3 T270 Limited,Gris,Nafta,5,Automática,1.3,SUV,Publicado hace 14 días,28.000 km,36500
Jeep,Compass,2020,No disponible,Gris,Nafta,5,Manual,2.4,SUV,Publicado hace 28 días,101.000 km,30000
Jeep,Compass,2013,2.4 Limited 170cv Atx,Negro,Nafta/GNC,5,Automática,2.4,SUV,Publicado hace 36 días,200.000 km,13000
Jeep,Compass,2019,2.4 Sport At,Negro,Nafta,5,Automática,2.4,SUV,Publicado hace 2 meses,65.000 km,25500
Jeep,Compass,2019,2.4 Limited Plus,Gris,Nafta,5,Automática,2.4,SUV,Publicado hace 3 meses,60.000 km,32000000
Jeep,Renegade,2020,Longitud 2020 Km: 52.980km Color: Negro,Negro,Nafta,5,Automática,1.8,SUV,Publicado hace 1 día,53.000 km,26000000
Jeep,Compass,2019,2.4 Longitude,Blanco,Nafta,5,Automática,2.4,SUV,Publicado hace 2 días,85.000 km,32000000
Jeep,Compass,2022,1.3 T270 Longitude,Gris,Nafta,5,Automática,1.3,SUV,Publicado hace 6 días,40.000 km,39000000
Jeep,Compass,2012,Limited Todo Terreno,Blanco,Nafta,5,Automática,2.4,SUV,Publicado hace 11 días,97.300 km,19000000
Jeep,Compass,2020,2.4 Sport,Gris,Nafta,5,Manual,2.4,SUV,Publicado hace 19 días,54.000 km,25000
Jeep,Compass,2019,2.4 Sport,Negro,Nafta,5,Manual,2.4,SUV,Publicado hace 36 días,77.414 km,23000
Jeep,Compass,2019,2.4 Longitude,Negro,Nafta,5,Automática,2.4,SUV,Publicado hace 2 meses,46.000 km,24700
Jeep,Compass,2021,2021 2.4 Sport,No disponible,Nafta,5,Manual,2.4,SUV,Publicado hace 7 meses,53.900 km,27800000
Jeep,Compass,2012,2.4 Limited 170cv Atx,Negro,Nafta,5,Automática,2.4,SUV,Publicado hace 9 meses,84.000 km,17900
Jeep,Compass,2019,2.4 Limited Plus At9 Awd 4x4,Blanco,Nafta,5,Automática,2.4,SUV,Publicado hace 27 días,32.000 km,36500
Jeep,Compass,2020,2.4 Sport,Marrón,Nafta,5,Manual,2.4,SUV,Publicado hace 4 meses,44.000 km,32000000
Jeep,Compass,2022,1.3 T270 Longitude,Gris,Nafta,5,Automática,1.3,SUV,Publicado hace 6 días,69.800 km,31500
Jeep,Compass,2020,2.4 Longitude Plus,Blanco,Nafta,5,Automática,2.4,SUV,Publicado hace 15 días,102.000 km,33900000
Jeep,Compass,2024,1.3 T270 Serie-s 4x2 At6,Blanco,Nafta,5,Automática,1.3,SUV,Publicado hace 2 días,8.000 km,40500000
Jeep,Compass,2019,2.4 Sport,Negro,Nafta,5,Manual,2.4,SUV,Publicado hace 3 meses,40.500 km,30000000
Jeep,Compass,2021,2.0 Td At9 4x4 Trailhawk,Rojo,Diésel,5,Automática,2.0,SUV,Publicado hace 13 días,48.500 km,36000
Jeep,Compass,2012,2.4 Limited 170cv Atx,Negro,Nafta,5,Automática,2.4,SUV,Publicado hace 8 días,150.000 km,16000000
Jeep,Compass,2013,2.4 Limited 170cv Atx,Gris,Nafta,5,Automática,2.4,SUV,Publicado hace 9 días,124.750 km,12750
Jeep,Compass,2018,2.4 Limited,Plateado,Nafta,5,Automática,2.4,SUV,Publicado hace 12 días,125.000 km,24000
Jeep,Compass,2013,2.4 Limited 170cv Atx,Gris,Nafta,5,Automática,2.4,SUV,Publicado hace 13 días,124.500 km,13199
Jeep,Compass,2009,2.4 Limited Mtx,Negro,Nafta,5,Manual,2.4,SUV,Publicado hace 23 días,134.000 km,12000
Jeep,Compass,2013,2.4 Limited 170cv Atx Gnc,Negro,Nafta,5,Automática,2.4,SUV,Publicado hace 34 días,135.000 km,17500
Jeep,Compass,2017,2.4 Longitude Plus 4x4,Rojo,Nafta,5,Automática,2.4,SUV,Publicado hace 2 meses,67.500 km,30000000
Jeep,Compass,2020,2.4 Longitude,Blanco,Nafta,5,Manual,2.4,SUV,Publicado hace 3 meses,87.000 km,26500
Jeep,Compass,2022,1.3 T270 Longitude,Gris,Nafta,5,Automática,1.3,SUV,Publicado hace 8 meses,64.000 km,35000000
Jeep,Compass,2021,2.4 Limited Plus,Gris,Nafta,5,Automática,2.4,SUV,Publicado hace 1 día,35.000 km,37500
Jeep,Compass,2024,1.3 T270 Sport 4x2 At6,Blanco,Nafta,5,Automática,1.3,SUV,Publicado hace 1 día,9.990 km,41000000
Jeep,Compass,2021,2.4 Longitude,Azul,Nafta,5,Manual,2.4,SUV,Publicado hace 1 día,90.000 km,33500000
Jeep,Compass,2019,2.4 Sport,Negro,Nafta,5,Manual,2.4,SUV,Publicado hace 8 días,79.000 km,28000000
Jeep,Compass,2007,2.4 Limited At,Gris,Nafta,5,Automática,2.4,SUV,Publicado hace 10 días,200.000 km,11000
Jeep,Compass,2024,1.3 T270 Limited 4x2 At6,Blanco,Nafta,5,Automática,1.3,SUV,Publicado hace 11 días,1.800 km,45000000
Jeep,Compass,2019,2.4 Limited 170cv Atx,Gris,Nafta/GNC,5,Automática,2.4,SUV,Publicado hace 15 días,85.000 km,25500
Jeep,Compass,2019,2.4 Limited Plus,Plateado,Nafta,5,Automática,2.4,SUV,Publicado hace 16 días,104.000 km,30000
Jeep,Compass,2024,2.0 Td At9 4x4 Trailhawk,Gris,Diésel,5,Automática,2.0,SUV,Publicado hace 19 días,25.000 km,45000
Jeep,Compass,2023,1.3 T270 Longitude Plus At6,Gris,Nafta,5,Automática,1.3,SUV,Publicado hace 20 días,26.000 km,42500000
Jeep,Compass,2018,2.4 Longitude Plus 4x4,Negro,Nafta,5,Automática,2.4,SUV,Publicado hace 42 días,118.000 km,28600000
Jeep,Compass,2018,2.4 Limited,Blanco,Nafta,5,Automática,2.4,SUV,Publicado hace 50 días,151.000 km,28000000
Jeep,Compass,2008,2.4 Sport Mtx,Gris,Nafta,5,Manual,2.4,SUV,Publicado hace 2 meses,260.000 km,9000
Jeep,Compass,2024,1.3 T270 Longitude 4x2 At6,Blanco,Nafta,5,Automática,1.3,SUV,Publicado hace 2 meses,12.000 km,42500000
Jeep,Compass,2022,1.3 T270 Sport,Gris,Nafta,5,Automática,1.3,SUV,Publicado hace 6 meses,23.000 km,33000
Jeep,Compass,2018,Longitude At9 4x4,Rojo,Nafta,5,Manual,2.4,SUV,Publicado hace 2 años,135.000 km,26500000
Jeep,Compass,2024,1.3 T270 Limited 4x2 At6,Gris,Nafta,5,Automática,1.3,SUV,Publicado hace 7 días,19.000 km,45000000
Jeep,Compass,2023,1.3 Serie At6,Blanco,Nafta,5,Automática,1.3,SUV,Publicado hace 7 días,26.000 km,42500000
Jeep,Compass,2024,1.3 T270 Sport 4x2 At6,Negro,Nafta,5,Automática,1.3,SUV,Publicado hace 15 días,16.100 km,39790000
Jeep,Compass,2021,2.4 Longitude,Blanco,Nafta,5,Manual,2.4,SUV,Publicado hace 27 días,95.000 km,32000000
Jeep,Compass,2018,2.4 Longitude Plus 4x4,Gris,Nafta,5,Automática,2.4,SUV,Publicado hace 38 días,108.000 km,30000000
Jeep,Compass,2021,2.4 Longitude Plus,Blanco,Nafta,5,Automática,2.4,SUV,Publicado hace 3 días,70.000 km,30000000
Jeep,Compass,2020,2.4 Longitude Plus,Plateado,Nafta,5,Automática,2.4,SUV,Publicado hace 20 días,180.000 km,35000000
Jeep,Vende,2018,Jeep Compass 2.4 Longitude Automatica 4x4,Gris,Nafta,5,Automática,2.4,SUV,Publicado hace 36 días,72.000 km,24300
Jeep,Compass,2019,2.4 Sport At,Blanco,Nafta,5,Automática,2.4,SUV,Publicado hace 1 día,80.000 km,31500000
Jeep,Compass,2019,2.4 Sport At,Blanco,Nafta,5,Automática,2.4,SUV,Publicado hace 13 días,105.000 km,26800000
Jeep,Compass,2023,1.3 Serie At6,Gris,Nafta,5,Automática,1.3,SUV,Publicado hace 4 meses,27.000 km,40000
Jeep,Compass,2007,2.4 Limited,Gris,Nafta,5,Manual,2.4,SUV,Publicado hace 1 día,170.000 km,9500000
Jeep,No disponible,2020,No disponible,Negro,Nafta,5,Manual,2.4,No disponible,Publicado hace 13 días,61.000 km,26500000
Jeep,Compass,2019,2.4 Longitude,Blanco,Nafta,5,Automática,2.4,SUV,Publicado hace 27 días,90.000 km,36000000
Jeep,Compass,2021,2021 2.4 Sport Manual,Plateado,Nafta,5,Manual,2.4,SUV,Publicado hace 11 meses,16.369 km,30000
Jeep,Compass,2018,Longitude At9 4x4,Negro,Nafta,5,Automática,2.4,SUV,Publicado hace 1 año,92.000 km,23500
Jeep,Compass,2024,S 1.3 Turbo Automatica De 6ta Año 2024,Negro,Nafta,5,Automática,1.3,SUV,Publicado hace 5 meses,1.111.111 km,48000000
Jeep,Compass,2018,2.4 Longitude Plus 4x4,Negro,Nafta,5,Automática,2.4,SUV,Publicado hace 2 meses,155.000 km,21500
Jeep,Compass,2023,1.3 T270 Sport,Negro,Nafta,5,Automática,1.3,SUV,Publicado hace 3 meses,25.000 km,31000
Jeep,Compass,2013,Limited At Año 2013,Negro,Nafta,5,Automática,2.4,SUV,Publicado hace 7 meses,129.597 km,11800
